ID,Category
0,Anne Hathaway
1,Bill Rancic
2,Andrew Lincoln
3,Adriana Barraza
4,Albert Brooks
5,Al Pacino
6,Alx James
7,Ashley Graham
8,Ava Gardner
9,Anna Kendrick
10,Bette Midler
11,Audrey Tautou
12,Andy Serkis
13,Anna Paquin
14,Bill Paxton
15,Beyonce Knowles
16,Alessandra Ambrosio
17,Alan Rickman
18,Al Roker
19,Ashton Kutcher
20,Anna Friel
21,Andy Serkis
22,Andrew Garfield
23,Bette Midler
24,Anne Bancroft
25,Andrew Lincoln
26,Audrey Tautou
27,bella thorne
28,Bill Rancic
29,Angelina Jolie
30,Aaron Judge
31,Ava Gardner
32,Alec Baldwin
33,Adam Sandler
34,AnnaSophia Robb
35,Anna Kendrick
36,Andrew Garfield
37,Andrew Luck
38,Amy Schumer
39,Aaron Judge
40,Angela Bassett
41,Barbra Streisand
42,Al Roker
43,Benjamin Bratt
44,Bill Rancic
45,Amy Adams
46,Bette Midler
47,Adam Sandler
48,Ben Kingsley
49,Angelina Jolie
50,Aaron Paul
51,Anna Paquin
52,Alexis Thorpe
53,Andy Serkis
54,Angelina Jolie
55,Amanda Seyfried
56,Adele
57,Bernie Mac
58,Alec Baldwin
59,Anthony Hopkins
60,Adam Sandler
61,Anne Baxter
62,Ashley Greene
63,Art Carney
64,Billy Bob Thornton
65,Aaron Judge
66,Angelina Jolie
67,Beyonce Knowles
68,Benedict Cumberbatch
69,Andy Serkis
70,Alan Alda
71,Anna Sui
72,Analeigh Tipton
73,AnnaSophia Robb
74,Andy Serkis
75,Barbra Streisand
76,Armin Mueller-Stahl
77,Alessandra Ambrosio
78,Angelina Jolie
79,bella thorne
80,Al Pacino
81,Adrien Brody
82,Barbra Streisand
83,Ashley Judd
84,Audrey Hepburn
85,Angelina Jolie
86,Adrianne Palicki
87,Berenice Bejo
88,Bill O Reilly
89,Ben Johnson
90,Abigail Breslin
91,Benicio Del Toro
92,Angelina Jolie
93,Ben Kingsley
94,Anna Friel
95,Aaron Taylor-Johnson
96,Aaron Judge
97,Andrew Garfield
98,Angelina Jolie
99,Amber Heard
100,Adrianne Palicki
101,Angelina Jolie
102,Ashley Judd
103,Bette Midler
104,Andrew Lincoln
105,Bill Daley
106,Beyonce Knowles
107,Angelina Jolie
108,Ashley Judd
109,Anthony Mackie
110,bella thorne
111,Anne Baxter
112,Albert Brooks
113,Bill Daley
114,Adrianne Palicki
115,Andrew Garfield
116,Bill Rancic
117,Alexander Skarsgard
118,Alexis Thorpe
119,Barabara Palvin
120,Anne Hathaway
121,Barabara Palvin
122,Bill Murray
123,Aaron Judge
124,Bill Daley
125,Ali Larter
126,Andrew Luck
127,Alessandra Ambrosio
128,Antonio Banderas
129,Bill Paxton
130,Anjelica Huston
131,Analeigh Tipton
132,Angelina Jolie
133,Audrey Tautou
134,Bill O Reilly
135,Arnold Schwarzenegger
136,Albert Brooks
137,Albert Finney
138,Amanda Bynes
139,Adriana Lima
140,Amy Adams
141,Berenice Bejo
142,Amber Heard
143,Bette Midler
144,Anna Kendrick
145,Bella Hadid
146,Billy Bob Thornton
147,Andreea Diaconu
148,Anjelica Huston
149,Bill Daley
150,Ben Foster
151,Anna Paquin
152,Berenice Bejo
153,Adam Sandler
154,Ben Johnson
155,Alex Pettyfer
156,bella thorne
157,Beyonce Knowles
158,Anna Sui
159,Amanda Crew
160,Amber Heard
161,Amanda Seyfried
162,Arnold Schwarzenegger
163,Bill Murray
164,Anne Hathaway
165,Angelina Jolie
166,Bette Midler
167,Adele
168,Anna Faris
169,Alexander Skarsgard
170,Aaron Judge
171,Amber Heard
172,Angelina Jolie
173,Albert Finney
174,Ashley Greene
175,Ali Larter
176,Alexis Thorpe
177,Amanda Seyfried
178,Anthony Hopkins
179,Adam Sandler
180,Adriana Lima
181,Bernie Mac
182,Adriana Barraza
183,Andy Serkis
184,Alexandra Daddario
185,Amy Adams
186,Andy Serkis
187,Aaron Paul
188,Bill Hader
189,Alexis Thorpe
190,Berenice Bejo
191,Bella Hadid
192,Anjelica Huston
193,Anne Baxter
194,Anna Paquin
195,Berenice Bejo
196,Alexis Thorpe
197,Andy Serkis
198,Anderson Cooper
199,Audrey Tautou
200,Ashley Greene
201,Andie MacDowell
202,Anjelica Huston
203,Barabara Palvin
204,Aaron Judge
205,Bill Rancic
206,Bernie Mac
207,Amy Ryan
208,Andy Serkis
209,Alx James
210,Adriana Lima
211,Aaron Judge
212,Barbra Streisand
213,Alice Eve
214,Bill O Reilly
215,Benjamin Bratt
216,Ben Stiller
217,Anne Bancroft
218,Ben Stiller
219,Bill Pullman
220,Aaron Taylor-Johnson
221,Ashley Judd
222,Bill O Reilly
223,Angelina Jolie
224,Billy Bob Thornton
225,Bette Midler
226,Ben Stiller
227,Armin Mueller-Stahl
228,Anthony Perkins
229,Alice Eve
230,Alx James
231,Amanda Seyfried
232,Amanda Bynes
233,Anne Hathaway
234,Berenice Bejo
235,Andy Serkis
236,Bill Hader
237,Adriana Lima
238,Angelina Jolie
239,Beyonce Knowles
240,Anna Paquin
241,Alessandra Ambrosio
242,Aaron Judge
243,Ben Foster
244,Adrien Brody
245,Anne Hathaway
246,Angelina Jolie
247,Aaron Taylor-Johnson
248,Andie MacDowell
249,Amanda Peet
250,Bernie Mac
251,Benicio Del Toro
252,Alexis Thorpe
253,Angelina Jolie
254,Annette Bening
255,Angelina Jolie
256,Anna Paquin
257,Anne Hathaway
258,Aaron Judge
259,Ashley Greene
260,Alexandra Daddario
261,Bill Murray
262,Alicia Vikander
263,Ashley Judd
264,Audrey Tautou
265,Ashley Graham
266,Barabara Palvin
267,Analeigh Tipton
268,Audrey Tautou
269,Anna Paquin
270,Anna Paquin
271,Antonio Banderas
272,Ava Gardner
273,Benicio Del Toro
274,Bill Rancic
275,Arnold Schwarzenegger
276,Anthony Perkins
277,Anne Baxter
278,Amber Heard
279,Anne Bancroft
280,Ashley Graham
281,Anjelica Huston
282,Bella Hadid
283,Alessandra Ambrosio
284,Albert Brooks
285,Anderson Cooper
286,Andrew Luck
287,Anne Bancroft
288,Aaron Judge
289,Beyonce Knowles
290,Alex Pettyfer
291,Antonio Banderas
292,Anne Hathaway
293,Bill Daley
294,Anna Paquin
295,Andy Serkis
296,Amy Schumer
297,Anna Paquin
298,Bill Pullman
299,Ashley Graham
300,Bill O Reilly
301,Angelina Jolie
302,Amy Schumer
303,Anne Baxter
304,Amanda Crew
305,Anna Friel
306,Anna Friel
307,Alexandra Daddario
308,Abigail Breslin
309,Anne Hathaway
310,Anne Hathaway
311,Bill O Reilly
312,Aaron Paul
313,Andreea Diaconu
314,Andy Garcia
315,Albert Brooks
316,Berenice Bejo
317,Al Pacino
318,Audrey Tautou
319,Ashton Kutcher
320,Amy Ryan
321,Benjamin Bratt
322,Amber Heard
323,Aaron Judge
324,Ben Johnson
325,Amy Ryan
326,Alan Rickman
327,Andrew Lincoln
328,Betty White
329,Anjelica Huston
330,Adam Sandler
331,Anne Hathaway
332,Arnold Schwarzenegger
333,Alessandra Ambrosio
334,Anne Hathaway
335,Berenice Bejo
336,Audrey Tautou
337,Aaron Judge
338,Antonio Banderas
339,Bill Paxton
340,Andrew Garfield
341,Art Carney
342,Annette Bening
343,Art Carney
344,Benjamin Bratt
345,Ashley Greene
346,Bette Midler
347,Aaron Taylor-Johnson
348,Anderson Cooper
349,Bill Paxton
350,Abigail Breslin
351,Andy Serkis
352,Ashley Greene
353,Alan Alda
354,Andy Serkis
355,Bill O Reilly
356,bella thorne
357,Analeigh Tipton
358,Al Pacino
359,Anna Friel
360,Alessandra Ambrosio
361,Angelina Jolie
362,Al Pacino
363,Amy Schumer
364,Ashley Judd
365,Al Pacino
366,Al Roker
367,Angela Bassett
368,Anne Baxter
369,Ashton Kutcher
370,Alexis Thorpe
371,Audrey Tautou
372,Armin Mueller-Stahl
373,Andy Samberg
374,Amber Heard
375,Anna Kendrick
376,Alx James
377,Adele
378,Andy Garcia
379,Andrew Garfield
380,Audrey Tautou
381,Alexander Skarsgard
382,AnnaSophia Robb
383,Barabara Palvin
384,Billy Bob Thornton
385,Akemi Darenogare
386,Anne Hathaway
387,Ben Johnson
388,Andrew Luck
389,Barbra Streisand
390,Analeigh Tipton
391,Armin Mueller-Stahl
392,Anne Baxter
393,Benicio Del Toro
394,Andrew Lincoln
395,Anne Hathaway
396,Anjelica Huston
397,Ashley Judd
398,Adrianne Palicki
399,Anne Hathaway
400,Analeigh Tipton
401,Ashley Greene
402,Anne Baxter
403,Betty White
404,Art Carney
405,Anthony Perkins
406,Anne Baxter
407,Bill Rancic
408,Ben Stiller
409,Audrey Tautou
410,Audrey Tautou
411,Andrew Luck
412,Adrien Brody
413,Andrew Garfield
414,Amanda Crew
415,Adele
416,Anthony Perkins
417,Al Pacino
418,Angelina Jolie
419,Andy Samberg
420,Ashley Judd
421,Audrey Tautou
422,Anne Hathaway
423,Bette Midler
424,Anjelica Huston
425,Berenice Bejo
426,Andy Samberg
427,Alan Arkin
428,Al Pacino
429,Ali Larter
430,Benicio Del Toro
431,Armin Mueller-Stahl
432,Ben Kingsley
433,Anna Paquin
434,Barabara Palvin
435,Bill Rancic
436,Armin Mueller-Stahl
437,Al Roker
438,Alec Baldwin
439,Andy Serkis
440,Bill Rancic
441,Alice Eve
442,Ashley Greene
443,Beyonce Knowles
444,Ben Johnson
445,Arnold Schwarzenegger
446,Antonio Banderas
447,Anjelica Huston
448,Andie MacDowell
449,Amy Ryan
450,Angela Bassett
451,Anne Baxter
452,Angelina Jolie
453,Anna Paquin
454,Albert Brooks
455,Audrey Tautou
456,Barbra Streisand
457,Audrey Tautou
458,Benedict Cumberbatch
459,Anna Friel
460,Beyonce Knowles
461,Amy Schumer
462,Anna Friel
463,Billy Bob Thornton
464,Amanda Crew
465,Amanda Crew
466,Anderson Cooper
467,Angelina Jolie
468,Amanda Seyfried
469,Alexander Skarsgard
470,Benedict Cumberbatch
471,Anna Kendrick
472,Bella Hadid
473,Arnold Schwarzenegger
474,Anthony Mackie
475,Armin Mueller-Stahl
476,Amy Ryan
477,Bella Hadid
478,Audrey Tautou
479,Amanda Crew
480,Alx James
481,Andy Garcia
482,Anjelica Huston
483,Andy Garcia
484,Abigail Breslin
485,Amanda Bynes
486,Alan Rickman
487,Andy Murray
488,Ava Gardner
489,Adriana Lima
490,Anne Hathaway
491,Bette Midler
492,Alec Baldwin
493,Angelina Jolie
494,Ben Johnson
495,Alec Baldwin
496,Ashley Judd
497,Ben Stiller
498,Beyonce Knowles
499,Abigail Breslin
500,Ben Foster
501,Anderson Cooper
502,Armin Mueller-Stahl
503,Bill Murray
504,Andrew Luck
505,Alan Arkin
506,Anna Friel
507,Anna Kendrick
508,Angela Bassett
509,AnnaSophia Robb
510,Anna Kendrick
511,Ava Gardner
512,Ashley Greene
513,Al Pacino
514,Ashton Kutcher
515,Albert Finney
516,Anderson Cooper
517,Amy Schumer
518,Albert Finney
519,Bill Daley
520,Beyonce Knowles
521,Anthony Mackie
522,Armin Mueller-Stahl
523,Bill Hader
524,Benedict Cumberbatch
525,Ben Kingsley
526,Ashton Kutcher
527,Akemi Darenogare
528,Ashley Greene
529,Adrien Brody
530,Anne Hathaway
531,Audrey Tautou
532,Bette Midler
533,Anjelica Huston
534,Bill O Reilly
535,Albert Brooks
536,Ben Foster
537,Aaron Judge
538,Anna Sui
539,Anne Baxter
540,Ashton Kutcher
541,Andie MacDowell
542,Bill Paxton
543,Anderson Cooper
544,Anjelica Huston
545,Bella Hadid
546,Ava Gardner
547,Angelina Jolie
548,Alexander Skarsgard
549,Aaron Judge
550,Ashley Graham
551,Alice Eve
552,Audrey Tautou
553,Andy Serkis
554,Angelina Jolie
555,Antonio Banderas
556,Betty White
557,Alexander Skarsgard
558,Albert Finney
559,Annette Bening
560,Art Carney
561,Berenice Bejo
562,Anthony Hopkins
563,Amanda Crew
564,Anderson Cooper
565,Andrew Luck
566,Benicio Del Toro
567,Billy Bob Thornton
568,Ava Gardner
569,Ben Johnson
570,Alec Baldwin
571,Anne Bancroft
572,Audrey Tautou
573,Angelina Jolie
574,Anna Sui
575,Ashley Judd
576,Aaron Judge
577,Akemi Darenogare
578,Bill O Reilly
579,Andie MacDowell
580,Ashley Graham
581,Andy Samberg
582,Anna Paquin
583,Audrey Tautou
584,Ashton Kutcher
585,Antonio Banderas
586,Bernie Mac
587,Adam Sandler
588,Anna Sui
589,Anna Paquin
590,Art Carney
591,Anna Sui
592,Bill O Reilly
593,Amanda Seyfried
594,Ashton Kutcher
595,Adriana Lima
596,Art Carney
597,Barbra Streisand
598,Adrien Brody
599,Anna Paquin
600,Adam Sandler
601,Bill O Reilly
602,Adele
603,Audrey Tautou
604,Andy Samberg
605,Bette Midler
606,Barabara Palvin
607,Ben Kingsley
608,Art Carney
609,Al Pacino
610,Art Carney
611,Al Pacino
612,Adele
613,Ali Larter
614,Adam Sandler
615,Anna Friel
616,Alexandra Daddario
617,Ben Stiller
618,Betty White
619,Art Carney
620,Amanda Seyfried
621,Anne Hathaway
622,Al Pacino
623,Beyonce Knowles
624,Arnold Schwarzenegger
625,Bette Midler
626,Alec Baldwin
627,Alec Baldwin
628,Bill Rancic
629,Ali Larter
630,Ben Foster
631,Alx James
632,Anthony Mackie
633,Ben Stiller
634,Albert Finney
635,Amy Schumer
636,Alex Pettyfer
637,Audrey Tautou
638,Anne Bancroft
639,Angelina Jolie
640,Beyonce Knowles
641,Alice Eve
642,Ashton Kutcher
643,Andy Samberg
644,Anna Paquin
645,Andie MacDowell
646,Alicia Vikander
647,Bill Daley
648,Anna Faris
649,Armin Mueller-Stahl
650,Bill Paxton
651,Akemi Darenogare
652,Alessandra Ambrosio
653,Anna Paquin
654,Anne Baxter
655,Bill Pullman
656,Bill O Reilly
657,Adam Sandler
658,Benjamin Bratt
659,Ben Stiller
660,Anna Paquin
661,Andreea Diaconu
662,Andie MacDowell
663,Adrianne Palicki
664,Ben Johnson
665,Andy Garcia
666,Bill Hader
667,Anne Baxter
668,Angelina Jolie
669,Aaron Judge
670,Alan Alda
671,Anna Paquin
672,bella thorne
673,Barbra Streisand
674,Ben Johnson
675,Amanda Peet
676,Albert Finney
677,Barbra Streisand
678,Audrey Tautou
679,Ben Kingsley
680,Amy Schumer
681,Audrey Tautou
682,Barbra Streisand
683,Anne Hathaway
684,Ben Johnson
685,Benjamin Bratt
686,Bill O Reilly
687,Berenice Bejo
688,Akemi Darenogare
689,Andrew Luck
690,Bette Midler
691,Bill Paxton
692,Amy Ryan
693,Andy Samberg
694,Angelina Jolie
695,Adele
696,Anne Bancroft
697,Andrew Garfield
698,Ben Kingsley
699,Anderson Cooper
700,Barbra Streisand
701,Adele
702,Amy Adams
703,Audrey Tautou
704,Andy Samberg
705,Audrey Tautou
706,Armin Mueller-Stahl
707,Audrey Tautou
708,Ava Gardner
709,Alx James
710,Berenice Bejo
711,Bette Midler
712,Anjelica Huston
713,Berenice Bejo
714,Audrey Tautou
715,Anne Baxter
716,Aaron Paul
717,Anne Bancroft
718,Antonio Banderas
719,Alice Eve
720,Anna Paquin
721,Ben Kingsley
722,Aaron Judge
723,Anna Sui
724,Barry Pepper
725,Arnold Schwarzenegger
726,Betty White
727,Arnold Schwarzenegger
728,Audrey Tautou
729,Adriana Lima
730,Ben Kingsley
731,Alan Arkin
732,Alan Rickman
733,Andrew Garfield
734,Berenice Bejo
735,Alx James
736,Angelina Jolie
737,Angelina Jolie
738,Aaron Judge
739,Berenice Bejo
740,Barry Pepper
741,Alexander Skarsgard
742,Adele
743,AnnaSophia Robb
744,Adrien Brody
745,Ali Larter
746,Audrey Tautou
747,Barbra Streisand
748,Angelina Jolie
749,Amber Heard
750,Amy Adams
751,Alexis Thorpe
752,Benjamin Bratt
753,Aaron Paul
754,Amber Heard
755,Billy Bob Thornton
756,Ben Kingsley
757,Bill Hader
758,Ben Affleck
759,Benjamin Bratt
760,Beyonce Knowles
761,Anna Friel
762,Bernie Mac
763,Barry Pepper
764,Anna Friel
765,Ava Gardner
766,Anderson Cooper
767,Art Carney
768,Alec Baldwin
769,Adele
770,Amanda Seyfried
771,Abigail Breslin
772,bella thorne
773,Ashley Greene
774,Berenice Bejo
775,Annette Bening
776,Andrew Lincoln
777,Bill Murray
778,Andy Garcia
779,Adele
780,Betty White
781,Andy Serkis
782,Analeigh Tipton
783,Alex Pettyfer
784,Bella Hadid
785,Audrey Tautou
786,Adele
787,Abigail Breslin
788,Andrew Luck
789,Barbra Streisand
790,Angelina Jolie
791,Bill Daley
792,Ashley Graham
793,Anna Paquin
794,Anna Paquin
795,Ben Kingsley
796,Angelina Jolie
797,Bella Hadid
798,AnnaSophia Robb
799,Alx James
800,Anna Kendrick
801,Anjelica Huston
802,Anjelica Huston
803,Anna Kendrick
804,Aaron Paul
805,Angelina Jolie
806,Aaron Judge
807,Arnold Schwarzenegger
808,Ashley Judd
809,Bill Pullman
810,Adrianne Palicki
811,Analeigh Tipton
812,Bill Paxton
813,Andie MacDowell
814,Adrianne Palicki
815,Berenice Bejo
816,Bill Paxton
817,Ben Kingsley
818,Armin Mueller-Stahl
819,AnnaSophia Robb
820,Anna Kendrick
821,Amanda Peet
822,Anne Hathaway
823,Bill Daley
824,Albert Brooks
825,Benicio Del Toro
826,Anna Sui
827,Angela Bassett
828,Bette Midler
829,Alec Baldwin
830,Andreea Diaconu
831,Ben Kingsley
832,Berenice Bejo
833,Al Roker
834,Berenice Bejo
835,Andrew Garfield
836,Adam Sandler
837,Adriana Lima
838,Ben Affleck
839,Aaron Judge
840,Barbra Streisand
841,Angelina Jolie
842,Art Carney
843,Bill O Reilly
844,Aaron Paul
845,Alexis Thorpe
846,Ashley Graham
847,Beyonce Knowles
848,Ben Kingsley
849,Anna Faris
850,Aaron Taylor-Johnson
851,Anne Hathaway
852,Benicio Del Toro
853,Adriana Lima
854,Aaron Judge
855,Berenice Bejo
856,Benedict Cumberbatch
857,Ben Stiller
858,Ashley Graham
859,Barbra Streisand
860,Anne Baxter
861,Adam Sandler
862,Albert Brooks
863,Anna Friel
864,Bette Midler
865,Bill Rancic
866,Angelina Jolie
867,Angelina Jolie
868,Ashley Graham
869,Ashley Graham
870,Amy Adams
871,Anne Bancroft
872,Albert Finney
873,Alec Baldwin
874,Bill Rancic
875,Anna Friel
876,Andrew Luck
877,Andy Murray
878,Berenice Bejo
879,Ben Johnson
880,Ava Gardner
881,Amanda Peet
882,Alec Baldwin
883,Benedict Cumberbatch
884,Bette Midler
885,Amanda Seyfried
886,Annette Bening
887,Alessandra Ambrosio
888,Andrew Luck
889,Bill Daley
890,Alessandra Ambrosio
891,Angelina Jolie
892,Ava Gardner
893,Andy Samberg
894,Amanda Crew
895,Audrey Tautou
896,Adam Sandler
897,Benjamin Bratt
898,Anne Baxter
899,Bernie Mac
900,Barbra Streisand
901,Anderson Cooper
902,Barbra Streisand
903,Bernie Mac
904,Bill Pullman
905,Ben Johnson
906,Anna Friel
907,Berenice Bejo
908,Alx James
909,Aaron Judge
910,Armin Mueller-Stahl
911,Andrew Garfield
912,Aaron Judge
913,Albert Finney
914,Audrey Tautou
915,Ben Johnson
916,Amber Heard
917,Ashley Judd
918,Alexander Skarsgard
919,Abigail Breslin
920,Benicio Del Toro
921,Berenice Bejo
922,Alexis Thorpe
923,Angelina Jolie
924,Art Carney
925,Alexis Thorpe
926,Audrey Tautou
927,Art Carney
928,Bette Midler
929,Anna Friel
930,Audrey Tautou
931,Amy Schumer
932,Benicio Del Toro
933,Aaron Judge
934,Andrew Lincoln
935,Anne Hathaway
936,Ben Johnson
937,Bill Hader
938,Adam Sandler
939,Antonio Banderas
940,Ashley Greene
941,Beyonce Knowles
942,Ashley Judd
943,Angelina Jolie
944,Andy Murray
945,Ben Foster
946,Ashley Judd
947,Armin Mueller-Stahl
948,Anjelica Huston
949,Berenice Bejo
950,Audrey Hepburn
951,Adriana Barraza
952,Barry Pepper
953,Al Pacino
954,Beyonce Knowles
955,Amber Heard
956,Angelina Jolie
957,Aaron Judge
958,bella thorne
959,Alexander Skarsgard
960,Ben Foster
961,Alessandra Ambrosio
962,Aaron Paul
963,Bill Paxton
964,Albert Brooks
965,Ashley Judd
966,Adele
967,Albert Finney
968,Adam Sandler
969,Arnold Schwarzenegger
970,Bill O Reilly
971,Bill O Reilly
972,Bill Murray
973,Angelina Jolie
974,Audrey Tautou
975,Angelina Jolie
976,Anne Hathaway
977,Audrey Tautou
978,Ashley Greene
979,Berenice Bejo
980,Alan Rickman
981,Aaron Judge
982,Arnold Schwarzenegger
983,Anna Paquin
984,Betty White
985,Anne Hathaway
986,Alx James
987,Beyonce Knowles
988,Berenice Bejo
989,Anna Kendrick
990,Armin Mueller-Stahl
991,Angelina Jolie
992,Andie MacDowell
993,Alexis Thorpe
994,Barbra Streisand
995,Andrew Luck
996,Albert Brooks
997,Anne Hathaway
998,Amanda Seyfried
999,Anjelica Huston
1000,Berenice Bejo
1001,Benjamin Bratt
1002,Billy Bob Thornton
1003,Benjamin Bratt
1004,Bill Paxton
1005,Adam Sandler
1006,Annette Bening
1007,Amy Schumer
1008,Bill Hader
1009,Anna Kendrick
1010,Bette Midler
1011,Amanda Crew
1012,Adrianne Palicki
1013,Alec Baldwin
1014,Bill Rancic
1015,Audrey Tautou
1016,Andrew Lincoln
1017,Audrey Hepburn
1018,Aaron Paul
1019,Adam Sandler
1020,Amy Ryan
1021,Benedict Cumberbatch
1022,Andrew Lincoln
1023,Anthony Mackie
1024,Amber Heard
1025,Adam Sandler
1026,Bill Rancic
1027,Alec Baldwin
1028,Betty White
1029,Andy Garcia
1030,Bill Daley
1031,Anne Hathaway
1032,Anna Friel
1033,Beyonce Knowles
1034,Andrew Garfield
1035,Audrey Tautou
1036,Berenice Bejo
1037,Alec Baldwin
1038,Al Pacino
1039,Andie MacDowell
1040,Anne Hathaway
1041,Berenice Bejo
1042,Andy Serkis
1043,Andie MacDowell
1044,Ben Johnson
1045,Armin Mueller-Stahl
1046,Aaron Judge
1047,Anne Hathaway
1048,Adele
1049,Bill Rancic
1050,Adriana Lima
1051,Angelina Jolie
1052,Beyonce Knowles
1053,Al Roker
1054,Angelina Jolie
1055,Art Carney
1056,Billy Bob Thornton
1057,Alex Pettyfer
1058,Art Carney
1059,Bill Rancic
1060,Betty White
1061,AnnaSophia Robb
1062,Albert Brooks
1063,Aaron Taylor-Johnson
1064,Ali Larter
1065,Ben Foster
1066,Anna Paquin
1067,Amanda Bynes
1068,Alice Eve
1069,Amanda Seyfried
1070,Ava Gardner
1071,Berenice Bejo
1072,Alessandra Ambrosio
1073,Amber Heard
1074,Aaron Taylor-Johnson
1075,Anne Baxter
1076,Berenice Bejo
1077,Barabara Palvin
1078,Bill Murray
1079,Anna Paquin
1080,Ashley Greene
1081,Anne Baxter
1082,Alec Baldwin
1083,Al Pacino
1084,Anna Friel
1085,Benjamin Bratt
1086,Amanda Seyfried
1087,Ali Larter
1088,Aaron Taylor-Johnson
1089,Andie MacDowell
1090,Adele
1091,Berenice Bejo
1092,Ben Stiller
1093,Ben Johnson
1094,Beyonce Knowles
1095,Anthony Perkins
1096,Albert Brooks
1097,Alex Pettyfer
1098,Aaron Judge
1099,Beyonce Knowles
1100,Bill Rancic
1101,Betty White
1102,Albert Finney
1103,Berenice Bejo
1104,Bill Pullman
1105,Ava Gardner
1106,Alessandra Ambrosio
1107,Alice Eve
1108,Adrianne Palicki
1109,Aaron Taylor-Johnson
1110,Andrew Luck
1111,Amanda Crew
1112,Bill Hader
1113,Amber Heard
1114,Alessandra Ambrosio
1115,Bill Murray
1116,Angelina Jolie
1117,Alec Baldwin
1118,Ashley Graham
1119,Amanda Crew
1120,Andrew Garfield
1121,Andrew Garfield
1122,Anne Hathaway
1123,Andy Samberg
1124,Bill Paxton
1125,Bill Daley
1126,Aaron Judge
1127,Anthony Mackie
1128,Al Roker
1129,Ben Stiller
1130,Al Pacino
1131,Ben Johnson
1132,Adrianne Palicki
1133,Amanda Peet
1134,Anna Paquin
1135,Barbra Streisand
1136,Adrien Brody
1137,Bill Daley
1138,Bill Daley
1139,Albert Finney
1140,Angelina Jolie
1141,Arnold Schwarzenegger
1142,Andy Serkis
1143,Benicio Del Toro
1144,Antonio Banderas
1145,Anjelica Huston
1146,Ashley Greene
1147,Alexandra Daddario
1148,Andrew Luck
1149,Ben Foster
1150,Anne Baxter
1151,Anne Baxter
1152,Bill Rancic
1153,Audrey Hepburn
1154,Audrey Tautou
1155,Benicio Del Toro
1156,Audrey Tautou
1157,Audrey Tautou
1158,Audrey Tautou
1159,Alec Baldwin
1160,Andy Garcia
1161,Andy Serkis
1162,Arnold Schwarzenegger
1163,Ben Affleck
1164,Aaron Judge
1165,Adriana Barraza
1166,Adriana Barraza
1167,Ashley Judd
1168,Adrien Brody
1169,Andrew Lincoln
1170,Adriana Lima
1171,Ben Kingsley
1172,Ashton Kutcher
1173,Alex Pettyfer
1174,Beyonce Knowles
1175,Art Carney
1176,Benicio Del Toro
1177,Bill Daley
1178,Alice Eve
1179,Alexandra Daddario
1180,Berenice Bejo
1181,Alan Arkin
1182,Aaron Judge
1183,Anderson Cooper
1184,Andrew Lincoln
1185,Ashley Graham
1186,Bill Pullman
1187,Andrew Garfield
1188,Analeigh Tipton
1189,Anne Hathaway
1190,Anne Bancroft
1191,Ben Foster
1192,Arnold Schwarzenegger
1193,Andy Samberg
1194,Anna Paquin
1195,Anna Friel
1196,Anna Paquin
1197,Anna Friel
1198,Bella Hadid
1199,Albert Brooks
1200,Albert Brooks
1201,Angelina Jolie
1202,Betty White
1203,Anthony Perkins
1204,Barbra Streisand
1205,Bill Paxton
1206,Alexandra Daddario
1207,Al Roker
1208,Angelina Jolie
1209,Bette Midler
1210,Andy Serkis
1211,Albert Finney
1212,Albert Brooks
1213,Adam Sandler
1214,Anna Sui
1215,Alexis Thorpe
1216,Alan Rickman
1217,Ava Gardner
1218,Berenice Bejo
1219,Ben Stiller
1220,Anne Hathaway
1221,Amber Heard
1222,Anthony Mackie
1223,Anna Friel
1224,Audrey Hepburn
1225,Bette Midler
1226,Anderson Cooper
1227,Barbra Streisand
1228,Benjamin Bratt
1229,Adam Sandler
1230,bella thorne
1231,Angelina Jolie
1232,Bill Rancic
1233,Barabara Palvin
1234,Ben Affleck
1235,Andreea Diaconu
1236,Anna Faris
1237,Adele
1238,Bernie Mac
1239,Andie MacDowell
1240,Alan Arkin
1241,Armin Mueller-Stahl
1242,Audrey Tautou
1243,Andrew Lincoln
1244,Bill Pullman
1245,Alan Rickman
1246,Amber Heard
1247,Anthony Hopkins
1248,Bella Hadid
1249,Amanda Seyfried
1250,Anna Paquin
1251,Audrey Tautou
1252,Aaron Judge
1253,Andrew Luck
1254,Berenice Bejo
1255,Adriana Lima
1256,Anjelica Huston
1257,AnnaSophia Robb
1258,Analeigh Tipton
1259,Angelina Jolie
1260,Anthony Perkins
1261,Amanda Crew
1262,Aaron Taylor-Johnson
1263,Adele
1264,Andy Garcia
1265,Alx James
1266,Ava Gardner
1267,Berenice Bejo
1268,Ashley Greene
1269,Ashley Graham
1270,Ben Stiller
1271,Betty White
1272,Anne Bancroft
1273,Bella Hadid
1274,Amanda Crew
1275,Bette Midler
1276,Ben Kingsley
1277,Bill Paxton
1278,Betty White
1279,Albert Brooks
1280,Angelina Jolie
1281,Audrey Tautou
1282,Analeigh Tipton
1283,Anna Sui
1284,Aaron Judge
1285,Alx James
1286,Abigail Breslin
1287,Anjelica Huston
1288,Ashley Judd
1289,Barbra Streisand
1290,Armin Mueller-Stahl
1291,Andrew Lincoln
1292,Bill Murray
1293,Amanda Seyfried
1294,Anderson Cooper
1295,Al Pacino
1296,Anne Hathaway
1297,Al Roker
1298,Anderson Cooper
1299,Adele
1300,Bill Hader
1301,Berenice Bejo
1302,Andrew Lincoln
1303,Bill Paxton
1304,Alice Eve
1305,Angelina Jolie
1306,Audrey Hepburn
1307,Bill Rancic
1308,Albert Brooks
1309,Andrew Garfield
1310,Ashley Graham
1311,Ali Larter
1312,Andreea Diaconu
1313,Al Pacino
1314,Anderson Cooper
1315,Andy Samberg
1316,Ava Gardner
1317,Ashley Graham
1318,Antonio Banderas
1319,Amanda Crew
1320,Al Pacino
1321,Bella Hadid
1322,Barbra Streisand
1323,Bill Murray
1324,Aaron Judge
1325,Bill Hader
1326,Bill Hader
1327,Ashley Judd
1328,Abigail Breslin
1329,Audrey Tautou
1330,Alexandra Daddario
1331,Amy Adams
1332,Bill Paxton
1333,Alessandra Ambrosio
1334,Adriana Barraza
1335,Alan Arkin
1336,Adriana Lima
1337,Amanda Seyfried
1338,Bill O Reilly
1339,Bella Hadid
1340,Annette Bening
1341,Alexandra Daddario
1342,Adam Sandler
1343,Berenice Bejo
1344,Anna Kendrick
1345,Adrianne Palicki
1346,Alexis Thorpe
1347,Ali Larter
1348,Ben Kingsley
1349,Albert Brooks
1350,Alexander Skarsgard
1351,Ava Gardner
1352,Betty White
1353,Ashton Kutcher
1354,Art Carney
1355,Angelina Jolie
1356,Bill O Reilly
1357,Alessandra Ambrosio
1358,Amanda Crew
1359,Berenice Bejo
1360,Benjamin Bratt
1361,Anthony Mackie
1362,Art Carney
1363,Albert Brooks
1364,Bernie Mac
1365,Anna Kendrick
1366,Anna Friel
1367,Ali Larter
1368,Audrey Tautou
1369,Albert Brooks
1370,Anna Kendrick
1371,Anna Paquin
1372,Anderson Cooper
1373,Amanda Peet
1374,Angelina Jolie
1375,Angelina Jolie
1376,Bill Rancic
1377,Benedict Cumberbatch
1378,Barbra Streisand
1379,Anne Baxter
1380,bella thorne
1381,Anna Friel
1382,Bill Daley
1383,Ben Foster
1384,Abigail Breslin
1385,Anthony Mackie
1386,Al Pacino
1387,Adrianne Palicki
1388,Andy Serkis
1389,Adriana Barraza
1390,Alan Arkin
1391,Andy Serkis
1392,Alx James
1393,Bill Paxton
1394,Anna Kendrick
1395,Amber Heard
1396,Ashley Greene
1397,Anne Baxter
1398,Anthony Hopkins
1399,Amy Schumer
1400,Betty White
1401,Ashley Graham
1402,Adam Sandler
1403,Andy Samberg
1404,Alice Eve
1405,Ashley Graham
1406,Andrew Garfield
1407,Angelina Jolie
1408,Ben Kingsley
1409,Anna Sui
1410,Anderson Cooper
1411,Andy Garcia
1412,Audrey Tautou
1413,Anthony Hopkins
1414,Andrew Lincoln
1415,Adrianne Palicki
1416,bella thorne
1417,Bella Hadid
1418,Adrien Brody
1419,Benedict Cumberbatch
1420,Aaron Taylor-Johnson
1421,Alan Arkin
1422,Anne Baxter
1423,Andy Garcia
1424,Billy Bob Thornton
1425,Bill Paxton
1426,Anna Kendrick
1427,Aaron Judge
1428,Andrew Lincoln
1429,Anne Baxter
1430,Andrew Garfield
1431,Bill O Reilly
1432,Ashley Graham
1433,Al Pacino
1434,Andy Samberg
1435,Aaron Judge
1436,Ben Kingsley
1437,Anne Hathaway
1438,Amanda Peet
1439,Bill O Reilly
1440,Ashley Graham
1441,Al Pacino
1442,Audrey Tautou
1443,Ben Stiller
1444,Amber Heard
1445,Anne Baxter
1446,Aaron Judge
1447,Anne Baxter
1448,Andy Garcia
1449,Ashton Kutcher
1450,Amy Schumer
1451,Anna Paquin
1452,Amanda Crew
1453,Bill O Reilly
1454,Ben Kingsley
1455,Beyonce Knowles
1456,Anna Kendrick
1457,Ali Larter
1458,Beyonce Knowles
1459,Bernie Mac
1460,Benedict Cumberbatch
1461,Ben Kingsley
1462,Ashley Judd
1463,Adriana Lima
1464,Annette Bening
1465,Ben Foster
1466,Ashton Kutcher
1467,Ashley Graham
1468,Audrey Tautou
1469,Armin Mueller-Stahl
1470,Bernie Mac
1471,Andrew Lincoln
1472,bella thorne
1473,Berenice Bejo
1474,Anne Baxter
1475,Al Roker
1476,Al Pacino
1477,Anjelica Huston
1478,Audrey Tautou
1479,Anne Baxter
1480,Adele
1481,Audrey Tautou
1482,Abigail Breslin
1483,Al Pacino
1484,Benjamin Bratt
1485,Al Pacino
1486,Andy Garcia
1487,Anthony Perkins
1488,Anna Kendrick
1489,Amy Schumer
1490,Adam Sandler
1491,Anjelica Huston
1492,Alan Arkin
1493,Amanda Crew
1494,Adam Sandler
1495,Anna Paquin
1496,Andy Garcia
1497,Beyonce Knowles
1498,Audrey Tautou
1499,Anthony Mackie
1500,Barry Pepper
1501,Amber Heard
1502,Alec Baldwin
1503,Berenice Bejo
1504,Ben Kingsley
1505,Andy Serkis
1506,Al Pacino
1507,Ben Johnson
1508,Al Pacino
1509,Adele
1510,Anne Hathaway
1511,Anthony Perkins
1512,Anthony Hopkins
1513,Berenice Bejo
1514,Barabara Palvin
1515,Angelina Jolie
1516,Bill Daley
1517,Anthony Hopkins
1518,Andrew Luck
1519,Berenice Bejo
1520,Ashley Graham
1521,Alx James
1522,Anthony Mackie
1523,Anna Paquin
1524,Andrew Garfield
1525,Aaron Judge
1526,Amber Heard
1527,Ben Stiller
1528,Bill Daley
1529,Benicio Del Toro
1530,Amy Schumer
1531,Ben Kingsley
1532,Adrianne Palicki
1533,Benicio Del Toro
1534,Beyonce Knowles
1535,Ashley Judd
1536,Analeigh Tipton
1537,Alex Pettyfer
1538,Arnold Schwarzenegger
1539,Audrey Tautou
1540,Berenice Bejo
1541,bella thorne
1542,Albert Brooks
1543,Adriana Lima
1544,Angelina Jolie
1545,Ava Gardner
1546,Aaron Paul
1547,Adele
1548,Ben Foster
1549,Annette Bening
1550,Angelina Jolie
1551,Bette Midler
1552,Andrew Lincoln
1553,Audrey Tautou
1554,Andy Samberg
1555,Audrey Tautou
1556,Angelina Jolie
1557,Andreea Diaconu
1558,Aaron Taylor-Johnson
1559,Ashley Greene
1560,Benjamin Bratt
1561,Al Roker
1562,Audrey Tautou
1563,Aaron Paul
1564,Armin Mueller-Stahl
1565,Ava Gardner
1566,Amanda Crew
1567,Berenice Bejo
1568,Amanda Crew
1569,Aaron Judge
1570,Anjelica Huston
1571,Angelina Jolie
1572,Ben Kingsley
1573,Andy Garcia
1574,Alan Alda
1575,Aaron Judge
1576,Andy Serkis
1577,Adam Sandler
1578,Anna Faris
1579,Ben Stiller
1580,Bill Daley
1581,Alan Rickman
1582,Bill Murray
1583,Amanda Seyfried
1584,Amber Heard
1585,Barbra Streisand
1586,Audrey Tautou
1587,Amanda Peet
1588,Adam Sandler
1589,Amanda Seyfried
1590,Angelina Jolie
1591,Andrew Luck
1592,Beyonce Knowles
1593,Ava Gardner
1594,Alan Rickman
1595,Alec Baldwin
1596,Billy Bob Thornton
1597,Bill O Reilly
1598,Ashley Judd
1599,Al Roker
1600,Bill Paxton
1601,Billy Bob Thornton
1602,AnnaSophia Robb
1603,Adriana Lima
1604,Ashley Greene
1605,Ben Johnson
1606,Audrey Tautou
1607,Adam Sandler
1608,Angelina Jolie
1609,Anjelica Huston
1610,Alec Baldwin
1611,Ali Larter
1612,Barry Pepper
1613,Amy Schumer
1614,Arnold Schwarzenegger
1615,Akemi Darenogare
1616,Al Pacino
1617,Al Pacino
1618,Bill Daley
1619,Andy Serkis
1620,Andy Garcia
1621,Bill Rancic
1622,Anne Baxter
1623,Ashley Greene
1624,Bill O Reilly
1625,Berenice Bejo
1626,Arnold Schwarzenegger
1627,Anna Paquin
1628,Ava Gardner
1629,Amy Schumer
1630,Benedict Cumberbatch
1631,Alex Pettyfer
1632,Amber Heard
1633,Andy Garcia
1634,Bill Murray
1635,Amanda Peet
1636,Anne Baxter
1637,Anna Kendrick
1638,Anna Paquin
1639,Angelina Jolie
1640,Alec Baldwin
1641,Andrew Luck
1642,Andy Serkis
1643,Benjamin Bratt
1644,Alx James
1645,Aaron Paul
1646,Ben Kingsley
1647,Angela Bassett
1648,Anderson Cooper
1649,Anna Friel
1650,Anna Friel
1651,Amy Ryan
1652,Aaron Judge
1653,Akemi Darenogare
1654,Amanda Seyfried
1655,Anderson Cooper
1656,Bill Pullman
1657,Anna Friel
1658,Angelina Jolie
1659,Anna Friel
1660,Adrien Brody
1661,Al Pacino
1662,Berenice Bejo
1663,Anthony Perkins
1664,Adam Sandler
1665,Audrey Tautou
1666,Bill Paxton
1667,Adele
1668,Alexis Thorpe
1669,Benicio Del Toro
1670,Amy Ryan
1671,Beyonce Knowles
1672,Anna Friel
1673,Amanda Bynes
1674,Beyonce Knowles
1675,Bill Rancic
1676,Andrew Lincoln
1677,Antonio Banderas
1678,Anna Friel
1679,Amanda Peet
1680,Ben Stiller
1681,Andrew Garfield
1682,Al Pacino
1683,Andrew Lincoln
1684,Adrianne Palicki
1685,Anderson Cooper
1686,Andrew Lincoln
1687,Anna Friel
1688,Berenice Bejo
1689,Ashley Judd
1690,Adriana Barraza
1691,Andrew Luck
1692,Art Carney
1693,Aaron Paul
1694,Alexis Thorpe
1695,Andrew Garfield
1696,Bill Daley
1697,Andrew Luck
1698,Alice Eve
1699,Audrey Tautou
1700,Angelina Jolie
1701,Andrew Lincoln
1702,Adele
1703,Bernie Mac
1704,Alx James
1705,Adriana Barraza
1706,Audrey Tautou
1707,Bill Paxton
1708,Bill Rancic
1709,Anne Baxter
1710,Amber Heard
1711,Anna Friel
1712,Alec Baldwin
1713,Arnold Schwarzenegger
1714,Bernie Mac
1715,Bill Hader
1716,Andrew Lincoln
1717,Ben Stiller
1718,Benjamin Bratt
1719,Adele
1720,Bill Paxton
1721,Anjelica Huston
1722,Angelina Jolie
1723,Beyonce Knowles
1724,Bill Paxton
1725,bella thorne
1726,Ben Stiller
1727,Anne Baxter
1728,Anne Bancroft
1729,Albert Finney
1730,Berenice Bejo
1731,Bill Pullman
1732,Ashton Kutcher
1733,Beyonce Knowles
1734,Andy Serkis
1735,Angelina Jolie
1736,Al Pacino
1737,Albert Finney
1738,Amy Ryan
1739,Antonio Banderas
1740,Armin Mueller-Stahl
1741,Beyonce Knowles
1742,Ben Stiller
1743,Angelina Jolie
1744,AnnaSophia Robb
1745,Alex Pettyfer
1746,Ashley Greene
1747,Anne Baxter
1748,Arnold Schwarzenegger
1749,Al Pacino
1750,Bill Paxton
1751,Berenice Bejo
1752,Anna Kendrick
1753,Berenice Bejo
1754,Alan Rickman
1755,Ashley Greene
1756,Aaron Paul
1757,Amanda Crew
1758,Aaron Paul
1759,Alice Eve
1760,Ava Gardner
1761,Amanda Peet
1762,Analeigh Tipton
1763,Aaron Judge
1764,Anderson Cooper
1765,Andie MacDowell
1766,Ashley Graham
1767,Al Pacino
1768,Anna Kendrick
1769,Bill Paxton
1770,Adam Sandler
1771,Ben Johnson
1772,Andrew Garfield
1773,Alan Alda
1774,Alec Baldwin
1775,Billy Bob Thornton
1776,Andy Garcia
1777,Al Pacino
1778,Aaron Paul
1779,Albert Brooks
1780,Anthony Mackie
1781,Arnold Schwarzenegger
1782,Alx James
1783,Aaron Judge
1784,Angelina Jolie
1785,Amber Heard
1786,Barbra Streisand
1787,Amanda Crew
1788,Ali Larter
1789,Andrew Lincoln
1790,AnnaSophia Robb
1791,Andy Samberg
1792,Berenice Bejo
1793,Ashley Graham
1794,Bernie Mac
1795,Bill Murray
1796,Ava Gardner
1797,Bill Rancic
1798,Beyonce Knowles
1799,Andrew Luck
1800,Bill Paxton
1801,Audrey Tautou
1802,Alx James
1803,Anna Paquin
1804,Anne Bancroft
1805,Barbra Streisand
1806,Anthony Mackie
1807,Albert Brooks
1808,Anne Baxter
1809,Ashley Graham
1810,Art Carney
1811,Ashley Judd
1812,Bernie Mac
1813,Audrey Tautou
1814,Bill Pullman
1815,Adele
1816,Alx James
1817,Aaron Judge
1818,Adele
1819,Alexis Thorpe
1820,Adam Sandler
1821,Billy Bob Thornton
1822,Aaron Judge
1823,Anna Friel
1824,Adriana Barraza
1825,Bill Paxton
1826,Akemi Darenogare
1827,Anna Paquin
1828,Bella Hadid
1829,Ashley Graham
1830,Alan Alda
1831,Amber Heard
1832,Billy Bob Thornton
1833,Berenice Bejo
1834,Alx James
1835,Ben Kingsley
1836,Angela Bassett
1837,Barry Pepper
1838,Andy Samberg
1839,Amy Adams
1840,Beyonce Knowles
1841,Bill Paxton
1842,Bette Midler
1843,Amy Schumer
1844,Alan Alda
1845,Alan Alda
1846,Amanda Crew
1847,Billy Bob Thornton
1848,Art Carney
1849,Anderson Cooper
1850,Angelina Jolie
1851,Bill O Reilly
1852,Beyonce Knowles
1853,Art Carney
1854,Bill Hader
1855,Ava Gardner
1856,Adrien Brody
1857,Angelina Jolie
1858,Anne Hathaway
1859,Ben Johnson
1860,Anna Paquin
1861,Bill Daley
1862,Alex Pettyfer
1863,Benjamin Bratt
1864,Alan Alda
1865,Art Carney
1866,Berenice Bejo
1867,Akemi Darenogare
1868,Anne Baxter
1869,Al Roker
1870,Bella Hadid
1871,Ashley Graham
1872,Bernie Mac
1873,Billy Bob Thornton
1874,Audrey Tautou
1875,Ashley Graham
1876,Amanda Crew
1877,Audrey Tautou
1878,Anne Hathaway
1879,Angelina Jolie
1880,Bill Pullman
1881,Ava Gardner
1882,Bella Hadid
1883,Benedict Cumberbatch
1884,Adam Sandler
1885,Alan Arkin
1886,Amber Heard
1887,Alessandra Ambrosio
1888,Ashley Graham
1889,Alicia Vikander
1890,Ben Kingsley
1891,Andie MacDowell
1892,Ashley Graham
1893,Anderson Cooper
1894,Antonio Banderas
1895,Alx James
1896,Benedict Cumberbatch
1897,Bill O Reilly
1898,Adele
1899,Alexandra Daddario
1900,Alex Pettyfer
1901,Benicio Del Toro
1902,Ben Johnson
1903,Barabara Palvin
1904,Beyonce Knowles
1905,Ashton Kutcher
1906,Berenice Bejo
1907,Alx James
1908,Akemi Darenogare
1909,Bill Murray
1910,Bill Paxton
1911,Alex Pettyfer
1912,Andrew Garfield
1913,Alan Rickman
1914,Berenice Bejo
1915,Adrien Brody
1916,Andrew Lincoln
1917,Andreea Diaconu
1918,Alec Baldwin
1919,bella thorne
1920,Anne Hathaway
1921,Amy Schumer
1922,Albert Finney
1923,Anna Paquin
1924,Alan Alda
1925,Adele
1926,Anderson Cooper
1927,Analeigh Tipton
1928,Amanda Crew
1929,Adrien Brody
1930,Audrey Tautou
1931,Alan Alda
1932,Abigail Breslin
1933,Andy Samberg
1934,Albert Finney
1935,Anna Kendrick
1936,Alan Rickman
1937,Alicia Vikander
1938,Andy Garcia
1939,Akemi Darenogare
1940,Audrey Tautou
1941,Armin Mueller-Stahl
1942,Anna Sui
1943,Amy Ryan
1944,Bill Rancic
1945,Annette Bening
1946,Ava Gardner
1947,Angelina Jolie
1948,Angelina Jolie
1949,Alexis Thorpe
1950,Bill O Reilly
1951,Alan Alda
1952,Alexandra Daddario
1953,Andy Serkis
1954,Bill Hader
1955,Benicio Del Toro
1956,Adam Sandler
1957,Alexander Skarsgard
1958,Betty White
1959,Abigail Breslin
1960,Berenice Bejo
1961,Berenice Bejo
1962,Adrianne Palicki
1963,Anne Hathaway
1964,Al Pacino
1965,Andrew Luck
1966,Bette Midler
1967,Bill Hader
1968,Berenice Bejo
1969,Anthony Mackie
1970,Audrey Tautou
1971,Barbra Streisand
1972,Anne Bancroft
1973,Amy Schumer
1974,Andy Samberg
1975,Barbra Streisand
1976,Ashley Greene
1977,Adele
1978,Ashley Graham
1979,Benedict Cumberbatch
1980,Benedict Cumberbatch
1981,Berenice Bejo
1982,Al Pacino
1983,Albert Finney
1984,Bill Murray
1985,Adriana Barraza
1986,Bella Hadid
1987,Bill Rancic
1988,Alicia Vikander
1989,Barbra Streisand
1990,Bella Hadid
1991,Bill Paxton
1992,Andy Samberg
1993,Bill Daley
1994,Anna Kendrick
1995,Berenice Bejo
1996,Amanda Crew
1997,Adriana Lima
1998,Al Pacino
1999,Audrey Tautou
2000,Al Pacino
2001,Barabara Palvin
2002,Ava Gardner
2003,Bette Midler
2004,Andrew Garfield
2005,Berenice Bejo
2006,Andrew Lincoln
2007,Audrey Tautou
2008,Andy Serkis
2009,Audrey Tautou
2010,Antonio Banderas
2011,Adriana Barraza
2012,Albert Finney
2013,Alx James
2014,Ashley Judd
2015,Andy Garcia
2016,Anna Friel
2017,Adele
2018,Adriana Barraza
2019,Bella Hadid
2020,Amanda Seyfried
2021,Bill O Reilly
2022,Alexis Thorpe
2023,Andrew Garfield
2024,Anthony Hopkins
2025,Antonio Banderas
2026,Audrey Tautou
2027,Anna Friel
2028,Ben Stiller
2029,Berenice Bejo
2030,Alessandra Ambrosio
2031,Arnold Schwarzenegger
2032,Adam Sandler
2033,Audrey Tautou
2034,Analeigh Tipton
2035,Andrew Garfield
2036,Adriana Barraza
2037,Angelina Jolie
2038,Adam Sandler
2039,Adam Sandler
2040,Al Roker
2041,Alice Eve
2042,Anderson Cooper
2043,Ben Johnson
2044,Berenice Bejo
2045,Benjamin Bratt
2046,Alexandra Daddario
2047,Angelina Jolie
2048,Berenice Bejo
2049,Anthony Mackie
2050,Armin Mueller-Stahl
2051,Amanda Crew
2052,Alexis Thorpe
2053,Aaron Taylor-Johnson
2054,Anne Baxter
2055,Ben Affleck
2056,Adele
2057,Ben Stiller
2058,Bill Paxton
2059,Angelina Jolie
2060,Annette Bening
2061,Amanda Crew
2062,Ali Larter
2063,Aaron Judge
2064,Anna Paquin
2065,Akemi Darenogare
2066,Amber Heard
2067,Arnold Schwarzenegger
2068,Audrey Tautou
2069,Ashley Judd
2070,Andie MacDowell
2071,Bernie Mac
2072,Bill Paxton
2073,Annette Bening
2074,Angela Bassett
2075,Ben Kingsley
2076,Barbra Streisand
2077,Benicio Del Toro
2078,Al Pacino
2079,Anjelica Huston
2080,Alexis Thorpe
2081,Benicio Del Toro
2082,Andy Serkis
2083,Bill Murray
2084,Andrew Lincoln
2085,Alexander Skarsgard
2086,Al Pacino
2087,Amy Adams
2088,Anna Sui
2089,Adam Sandler
2090,Anna Paquin
2091,Albert Brooks
2092,Bill Paxton
2093,Berenice Bejo
2094,Albert Finney
2095,Bill O Reilly
2096,Al Pacino
2097,Amy Schumer
2098,Ben Kingsley
2099,Al Pacino
2100,Amanda Peet
2101,Berenice Bejo
2102,Ben Stiller
2103,Andie MacDowell
2104,Amanda Crew
2105,Anna Kendrick
2106,Art Carney
2107,Benedict Cumberbatch
2108,Anna Paquin
2109,Ashley Greene
2110,Anna Friel
2111,Billy Bob Thornton
2112,Adam Sandler
2113,Anne Bancroft
2114,Bill Rancic
2115,Alan Arkin
2116,Alexis Thorpe
2117,Adam Sandler
2118,Alex Pettyfer
2119,Bill Murray
2120,Amanda Seyfried
2121,Arnold Schwarzenegger
2122,Armin Mueller-Stahl
2123,Audrey Tautou
2124,Bill Paxton
2125,Amy Ryan
2126,Ben Johnson
2127,Alex Pettyfer
2128,Anjelica Huston
2129,Ben Kingsley
2130,Andrew Lincoln
2131,Anderson Cooper
2132,Arnold Schwarzenegger
2133,Ben Kingsley
2134,Alex Pettyfer
2135,Adam Sandler
2136,Anna Paquin
2137,Benjamin Bratt
2138,Ben Stiller
2139,Antonio Banderas
2140,Arnold Schwarzenegger
2141,Alec Baldwin
2142,Adriana Lima
2143,Andy Samberg
2144,Andy Serkis
2145,Alan Alda
2146,Amber Heard
2147,Aaron Judge
2148,Bernie Mac
2149,Ali Larter
2150,Alx James
2151,Angelina Jolie
2152,Ben Foster
2153,Adele
2154,Adriana Lima
2155,Amanda Crew
2156,Amanda Seyfried
2157,Barabara Palvin
2158,Amber Heard
2159,Adam Sandler
2160,Barbra Streisand
2161,Amy Schumer
2162,Anna Paquin
2163,Bill Daley
2164,Barbra Streisand
2165,Ashley Graham
2166,Angelina Jolie
2167,Analeigh Tipton
2168,Arnold Schwarzenegger
2169,Alec Baldwin
2170,Arnold Schwarzenegger
2171,Audrey Tautou
2172,Amy Schumer
2173,Aaron Judge
2174,Andrew Lincoln
2175,Andrew Luck
2176,Analeigh Tipton
2177,Adrien Brody
2178,Audrey Hepburn
2179,Bill Paxton
2180,Alan Alda
2181,Bill Rancic
2182,Al Roker
2183,Barry Pepper
2184,Angelina Jolie
2185,Beyonce Knowles
2186,Barabara Palvin
2187,Angelina Jolie
2188,Berenice Bejo
2189,Bill Paxton
2190,Audrey Tautou
2191,Barabara Palvin
2192,Alexandra Daddario
2193,Angelina Jolie
2194,Ali Larter
2195,Antonio Banderas
2196,Andrew Luck
2197,Anna Sui
2198,Amanda Peet
2199,Ava Gardner
2200,Amy Schumer
2201,Barabara Palvin
2202,Alexander Skarsgard
2203,Alan Rickman
2204,Akemi Darenogare
2205,Ben Johnson
2206,Anne Hathaway
2207,Audrey Tautou
2208,Amber Heard
2209,Al Roker
2210,Bill O Reilly
2211,Ben Kingsley
2212,Audrey Tautou
2213,Billy Bob Thornton
2214,Adrianne Palicki
2215,Barbra Streisand
2216,Anna Paquin
2217,Bernie Mac
2218,Alan Arkin
2219,Ben Johnson
2220,Angelina Jolie
2221,Audrey Tautou
2222,Bette Midler
2223,Amanda Peet
2224,Audrey Tautou
2225,Adrien Brody
2226,Arnold Schwarzenegger
2227,Berenice Bejo
2228,Bella Hadid
2229,Berenice Bejo
2230,Andrew Garfield
2231,Ava Gardner
2232,Barry Pepper
2233,Arnold Schwarzenegger
2234,Adrianne Palicki
2235,Ben Johnson
2236,Alexis Thorpe
2237,Andy Serkis
2238,Audrey Hepburn
2239,Art Carney
2240,Alice Eve
2241,Bill Paxton
2242,Armin Mueller-Stahl
2243,Annette Bening
2244,Adrien Brody
2245,Bill Paxton
2246,Art Carney
2247,Amanda Peet
2248,Amanda Peet
2249,Amanda Seyfried
2250,Amanda Crew
2251,Alan Rickman
2252,Berenice Bejo
2253,Bernie Mac
2254,Audrey Tautou
2255,Anna Paquin
2256,Amanda Peet
2257,Al Pacino
2258,Alx James
2259,Al Pacino
2260,Art Carney
2261,Anna Friel
2262,Alexis Thorpe
2263,Andy Serkis
2264,Alexander Skarsgard
2265,Bella Hadid
2266,Al Pacino
2267,Anna Friel
2268,Aaron Judge
2269,Andy Samberg
2270,Al Pacino
2271,Aaron Judge
2272,Amy Adams
2273,Alan Alda
2274,Bill Murray
2275,Alexandra Daddario
2276,Barbra Streisand
2277,Bette Midler
2278,Amanda Crew
2279,Ben Johnson
2280,Benjamin Bratt
2281,Ben Stiller
2282,Bella Hadid
2283,Berenice Bejo
2284,Andy Garcia
2285,Al Pacino
2286,Amanda Peet
2287,Al Pacino
2288,Audrey Tautou
2289,Andrew Garfield
2290,Anna Paquin
2291,Amanda Bynes
2292,Al Roker
2293,Amanda Crew
2294,Ben Stiller
2295,Ben Foster
2296,Audrey Tautou
2297,Amanda Seyfried
2298,Bella Hadid
2299,AnnaSophia Robb
2300,Alan Alda
2301,Andy Serkis
2302,Ben Foster
2303,Amanda Crew
2304,Ben Kingsley
2305,Ashley Judd
2306,Audrey Tautou
2307,Anna Kendrick
2308,Alice Eve
2309,Anna Paquin
2310,Adam Sandler
2311,Andreea Diaconu
2312,Adele
2313,Bill Rancic
2314,Alexis Thorpe
2315,Alx James
2316,Anna Paquin
2317,Abigail Breslin
2318,Amanda Crew
2319,Bette Midler
2320,Andy Serkis
2321,Adriana Barraza
2322,Al Pacino
2323,Bill Pullman
2324,Angelina Jolie
2325,Ben Stiller
2326,Anthony Perkins
2327,Andrew Lincoln
2328,Anthony Perkins
2329,Alessandra Ambrosio
2330,Betty White
2331,Bill Pullman
2332,Alexandra Daddario
2333,Andie MacDowell
2334,Anne Bancroft
2335,Bette Midler
2336,Beyonce Knowles
2337,Angelina Jolie
2338,Amanda Bynes
2339,Aaron Judge
2340,Andy Serkis
2341,Bill Murray
2342,Andy Garcia
2343,Aaron Judge
2344,Bella Hadid
2345,Alexandra Daddario
2346,Antonio Banderas
2347,Alex Pettyfer
2348,Beyonce Knowles
2349,Bella Hadid
2350,Antonio Banderas
2351,Ashley Judd
2352,Andrew Luck
2353,Alan Arkin
2354,Alan Alda
2355,Bill O Reilly
2356,Audrey Tautou
2357,Al Pacino
2358,Ashley Greene
2359,Ashley Greene
2360,Barbra Streisand
2361,Andy Serkis
2362,Anna Friel
2363,Aaron Taylor-Johnson
2364,Berenice Bejo
2365,Benedict Cumberbatch
2366,Anne Bancroft
2367,Alessandra Ambrosio
2368,Anthony Mackie
2369,Benedict Cumberbatch
2370,Bill Paxton
2371,Anna Sui
2372,Ali Larter
2373,Adriana Lima
2374,Berenice Bejo
2375,Arnold Schwarzenegger
2376,Art Carney
2377,Albert Finney
2378,Amy Ryan
2379,Analeigh Tipton
2380,Alan Arkin
2381,Berenice Bejo
2382,Alessandra Ambrosio
2383,Alice Eve
2384,Berenice Bejo
2385,Ben Kingsley
2386,Benicio Del Toro
2387,Adam Sandler
2388,Alan Rickman
2389,Bill Paxton
2390,Billy Bob Thornton
2391,Analeigh Tipton
2392,Amanda Bynes
2393,Alexander Skarsgard
2394,Ashley Judd
2395,Andrew Lincoln
2396,Anna Friel
2397,Abigail Breslin
2398,Albert Brooks
2399,Adele
2400,Aaron Taylor-Johnson
2401,Ava Gardner
2402,Bill Rancic
2403,Anne Baxter
2404,Alec Baldwin
2405,Andrew Lincoln
2406,Anjelica Huston
2407,Ashton Kutcher
2408,Amy Adams
2409,Beyonce Knowles
2410,AnnaSophia Robb
2411,Art Carney
2412,Ashley Greene
2413,Billy Bob Thornton
2414,Anna Friel
2415,Adam Sandler
2416,Amy Ryan
2417,Abigail Breslin
2418,Andrew Luck
2419,Al Roker
2420,Bette Midler
2421,Amber Heard
2422,Analeigh Tipton
2423,Ashley Greene
2424,Analeigh Tipton
2425,Bernie Mac
2426,Aaron Paul
2427,Armin Mueller-Stahl
2428,Ben Kingsley
2429,Amanda Bynes
2430,Billy Bob Thornton
2431,Bella Hadid
2432,Albert Brooks
2433,Al Pacino
2434,Anjelica Huston
2435,Annette Bening
2436,Al Roker
2437,Aaron Judge
2438,Albert Finney
2439,Adam Sandler
2440,Amber Heard
2441,Benedict Cumberbatch
2442,Andy Serkis
2443,Ashley Graham
2444,Benjamin Bratt
2445,Bill Pullman
2446,Al Pacino
2447,Anna Kendrick
2448,Albert Brooks
2449,Arnold Schwarzenegger
2450,Andy Serkis
2451,Anne Baxter
2452,Barbra Streisand
2453,Bill Rancic
2454,Benedict Cumberbatch
2455,Anna Kendrick
2456,Audrey Hepburn
2457,Audrey Hepburn
2458,Analeigh Tipton
2459,Alec Baldwin
2460,Alx James
2461,Andy Serkis
2462,AnnaSophia Robb
2463,Berenice Bejo
2464,Annette Bening
2465,Ava Gardner
2466,Ashley Graham
2467,Anna Paquin
2468,Anne Bancroft
2469,Antonio Banderas
2470,Benicio Del Toro
2471,Aaron Judge
2472,Bill Pullman
2473,Andy Murray
2474,Berenice Bejo
2475,Alexandra Daddario
2476,Analeigh Tipton
2477,Anna Faris
2478,Angelina Jolie
2479,Barbra Streisand
2480,Anderson Cooper
2481,Bernie Mac
2482,Art Carney
2483,Anjelica Huston
2484,Bill Pullman
2485,Andy Serkis
2486,Benedict Cumberbatch
2487,Berenice Bejo
2488,Barry Pepper
2489,Ben Stiller
2490,Billy Bob Thornton
2491,Ashley Graham
2492,Ashley Judd
2493,Adam Sandler
2494,Antonio Banderas
2495,Anthony Perkins
2496,Andrew Luck
2497,Anthony Hopkins
2498,Anna Kendrick
2499,Angelina Jolie
2500,Abigail Breslin
2501,Abigail Breslin
2502,Amber Heard
2503,Amanda Crew
2504,Alx James
2505,Berenice Bejo
2506,Anne Bancroft
2507,Anne Hathaway
2508,Barbra Streisand
2509,Alan Rickman
2510,Anne Hathaway
2511,Berenice Bejo
2512,Audrey Tautou
2513,Angelina Jolie
2514,Ben Foster
2515,Andrew Luck
2516,Audrey Tautou
2517,Angelina Jolie
2518,Al Pacino
2519,Bette Midler
2520,Angelina Jolie
2521,Anna Kendrick
2522,Audrey Tautou
2523,Anna Sui
2524,Alicia Vikander
2525,Alexander Skarsgard
2526,Arnold Schwarzenegger
2527,Barry Pepper
2528,Alicia Vikander
2529,Berenice Bejo
2530,Annette Bening
2531,Al Roker
2532,Alessandra Ambrosio
2533,Ava Gardner
2534,Bill O Reilly
2535,Audrey Tautou
2536,Benjamin Bratt
2537,Bill Hader
2538,Armin Mueller-Stahl
2539,Benjamin Bratt
2540,Alessandra Ambrosio
2541,Andie MacDowell
2542,Aaron Paul
2543,Bill Rancic
2544,Andy Serkis
2545,Aaron Paul
2546,Ava Gardner
2547,Anthony Mackie
2548,Berenice Bejo
2549,Analeigh Tipton
2550,Alessandra Ambrosio
2551,Ben Stiller
2552,Adriana Barraza
2553,Amanda Seyfried
2554,Art Carney
2555,Adam Sandler
2556,Bill Daley
2557,Anne Bancroft
2558,Andy Serkis
2559,Amanda Bynes
2560,Adele
2561,Amanda Crew
2562,Anne Hathaway
2563,Albert Finney
2564,Angela Bassett
2565,Anne Baxter
2566,Aaron Judge
2567,Amy Schumer
2568,Betty White
2569,Adrianne Palicki
2570,Bill O Reilly
2571,Al Pacino
2572,Ben Foster
2573,Al Roker
2574,Bette Midler
2575,Bernie Mac
2576,Alan Alda
2577,Benedict Cumberbatch
2578,Ben Johnson
2579,Bill Rancic
2580,Annette Bening
2581,Andy Samberg
2582,Audrey Tautou
2583,Adrien Brody
2584,Anna Friel
2585,Alicia Vikander
2586,Berenice Bejo
2587,Armin Mueller-Stahl
2588,Bill Paxton
2589,Audrey Tautou
2590,Anne Baxter
2591,Angelina Jolie
2592,Aaron Judge
2593,Bill Rancic
2594,Anthony Mackie
2595,Bette Midler
2596,Alexis Thorpe
2597,Bill Rancic
2598,Aaron Judge
2599,Amy Adams
2600,Anna Sui
2601,Anna Paquin
2602,Ashley Judd
2603,Andrew Garfield
2604,Beyonce Knowles
2605,Aaron Judge
2606,Alexander Skarsgard
2607,Barabara Palvin
2608,Ben Johnson
2609,Albert Finney
2610,Benicio Del Toro
2611,Ben Johnson
2612,Ashton Kutcher
2613,Bill Paxton
2614,Beyonce Knowles
2615,Anjelica Huston
2616,Ashley Greene
2617,Anna Paquin
2618,Alec Baldwin
2619,Beyonce Knowles
2620,Anne Hathaway
2621,Al Pacino
2622,Billy Bob Thornton
2623,Ava Gardner
2624,Bill Rancic
2625,Beyonce Knowles
2626,Anthony Mackie
2627,Andy Garcia
2628,Anna Sui
2629,Andrew Luck
2630,Anna Friel
2631,Billy Bob Thornton
2632,Amy Adams
2633,Berenice Bejo
2634,Audrey Tautou
2635,Amanda Peet
2636,Andrew Luck
2637,Adrien Brody
2638,Bill Rancic
2639,Amanda Crew
2640,Berenice Bejo
2641,Ben Johnson
2642,Ashley Greene
2643,Aaron Paul
2644,Audrey Tautou
2645,Anjelica Huston
2646,Bill O Reilly
2647,Audrey Tautou
2648,Andie MacDowell
2649,Amy Adams
2650,Ashley Graham
2651,Angelina Jolie
2652,Adam Sandler
2653,Andrew Garfield
2654,Andreea Diaconu
2655,Ben Johnson
2656,Aaron Judge
2657,Ashley Graham
2658,Barbra Streisand
2659,Andrew Luck
2660,Berenice Bejo
2661,Audrey Hepburn
2662,Alx James
2663,Ava Gardner
2664,Bette Midler
2665,Analeigh Tipton
2666,Adrianne Palicki
2667,Benjamin Bratt
2668,Audrey Tautou
2669,Benicio Del Toro
2670,Art Carney
2671,Anna Paquin
2672,Anne Bancroft
2673,Arnold Schwarzenegger
2674,Anthony Perkins
2675,Alex Pettyfer
2676,Alan Rickman
2677,Angelina Jolie
2678,Bill Pullman
2679,Bette Midler
2680,Akemi Darenogare
2681,Berenice Bejo
2682,Art Carney
2683,Anna Friel
2684,Adrien Brody
2685,Angelina Jolie
2686,Aaron Judge
2687,Alessandra Ambrosio
2688,Bill O Reilly
2689,Al Roker
2690,Amanda Bynes
2691,Andrew Garfield
2692,Andy Serkis
2693,Ben Stiller
2694,Amanda Seyfried
2695,Angela Bassett
2696,Al Pacino
2697,Amanda Bynes
2698,Alec Baldwin
2699,Albert Finney
2700,Alec Baldwin
2701,Al Pacino
2702,Amanda Seyfried
2703,Alicia Vikander
2704,Andreea Diaconu
2705,Alicia Vikander
2706,Anna Friel
2707,Anna Paquin
2708,Ben Foster
2709,Bill Paxton
2710,Angelina Jolie
2711,Alexis Thorpe
2712,Ava Gardner
2713,Alexander Skarsgard
2714,Amanda Seyfried
2715,Ashley Graham
2716,Adrianne Palicki
2717,Anna Paquin
2718,Anderson Cooper
2719,Albert Brooks
2720,Abigail Breslin
2721,bella thorne
2722,Andy Serkis
2723,Amanda Bynes
2724,Alec Baldwin
2725,Amanda Crew
2726,Anna Sui
2727,Adele
2728,Anna Paquin
2729,Antonio Banderas
2730,Audrey Tautou
2731,Art Carney
2732,Alan Rickman
2733,Bill O Reilly
2734,Adrien Brody
2735,Ben Foster
2736,Adrianne Palicki
2737,Benjamin Bratt
2738,Anne Baxter
2739,Alan Alda
2740,Bette Midler
2741,Bill Daley
2742,Andy Samberg
2743,Amanda Seyfried
2744,Amy Ryan
2745,Amy Schumer
2746,Ben Johnson
2747,Anthony Hopkins
2748,Abigail Breslin
2749,Bill Rancic
2750,Audrey Tautou
2751,Abigail Breslin
2752,Arnold Schwarzenegger
2753,Arnold Schwarzenegger
2754,Amanda Seyfried
2755,Anderson Cooper
2756,Benjamin Bratt
2757,Anne Baxter
2758,Anthony Hopkins
2759,Amy Schumer
2760,Adriana Barraza
2761,Bill Paxton
2762,Al Pacino
2763,AnnaSophia Robb
2764,Andie MacDowell
2765,Amber Heard
2766,Bernie Mac
2767,Ali Larter
2768,Ben Foster
2769,Alicia Vikander
2770,Adam Sandler
2771,Andy Serkis
2772,Ben Johnson
2773,Amanda Bynes
2774,Beyonce Knowles
2775,Ava Gardner
2776,Ava Gardner
2777,Art Carney
2778,Alex Pettyfer
2779,Aaron Paul
2780,Ben Johnson
2781,Benicio Del Toro
2782,Anthony Hopkins
2783,Anne Hathaway
2784,Ben Foster
2785,Andreea Diaconu
2786,Anne Baxter
2787,Amy Adams
2788,Andrew Luck
2789,Amber Heard
2790,Alec Baldwin
2791,Bill Rancic
2792,Andrew Lincoln
2793,Angela Bassett
2794,Amber Heard
2795,Ben Kingsley
2796,Ali Larter
2797,Albert Brooks
2798,Beyonce Knowles
2799,Ben Johnson
2800,Andy Serkis
2801,Ali Larter
2802,Alexis Thorpe
2803,Al Pacino
2804,Anna Friel
2805,Benedict Cumberbatch
2806,Bill Rancic
2807,Berenice Bejo
2808,Audrey Tautou
2809,Anjelica Huston
2810,Aaron Paul
2811,Ashley Judd
2812,Andy Serkis
2813,Alx James
2814,Bill Rancic
2815,Anjelica Huston
2816,Angelina Jolie
2817,Andrew Luck
2818,Aaron Judge
2819,Angelina Jolie
2820,Adam Sandler
2821,Aaron Paul
2822,Andy Serkis
2823,Bill Rancic
2824,Adele
2825,Billy Bob Thornton
2826,Andrew Garfield
2827,Bill Paxton
2828,Ben Johnson
2829,Albert Brooks
2830,Bill Paxton
2831,Alan Rickman
2832,Alan Rickman
2833,Anjelica Huston
2834,Adam Sandler
2835,Amanda Seyfried
2836,Annette Bening
2837,Alexandra Daddario
2838,Alx James
2839,Angela Bassett
2840,Anthony Perkins
2841,Andrew Lincoln
2842,Adriana Barraza
2843,Benicio Del Toro
2844,Antonio Banderas
2845,Alec Baldwin
2846,Beyonce Knowles
2847,Anna Paquin
2848,Benedict Cumberbatch
2849,Amanda Crew
2850,Alexis Thorpe
2851,Alicia Vikander
2852,Adrianne Palicki
2853,Andreea Diaconu
2854,Anthony Mackie
2855,Al Pacino
2856,Adrien Brody
2857,Amanda Peet
2858,Alexandra Daddario
2859,Benjamin Bratt
2860,Anne Baxter
2861,Bette Midler
2862,Berenice Bejo
2863,Al Pacino
2864,Ashley Graham
2865,Alan Alda
2866,Adrien Brody
2867,Alexis Thorpe
2868,Anna Paquin
2869,Anna Kendrick
2870,Ben Kingsley
2871,Andy Samberg
2872,Billy Bob Thornton
2873,Amy Adams
2874,Ben Affleck
2875,Andy Samberg
2876,Anne Baxter
2877,Ava Gardner
2878,AnnaSophia Robb
2879,Armin Mueller-Stahl
2880,Audrey Tautou
2881,Andie MacDowell
2882,Anna Paquin
2883,Amber Heard
2884,Arnold Schwarzenegger
2885,Audrey Tautou
2886,Art Carney
2887,Audrey Tautou
2888,Audrey Tautou
2889,Arnold Schwarzenegger
2890,Berenice Bejo
2891,Alessandra Ambrosio
2892,Bill Hader
2893,Amanda Crew
2894,Amy Schumer
2895,Adrianne Palicki
2896,Anne Hathaway
2897,Andie MacDowell
2898,Andy Serkis
2899,Anne Baxter
2900,Anna Faris
2901,Amber Heard
2902,Anna Sui
2903,Amanda Seyfried
2904,Ben Stiller
2905,Aaron Judge
2906,Analeigh Tipton
2907,Adrien Brody
2908,Ashley Judd
2909,Anne Hathaway
2910,Audrey Tautou
2911,Anne Bancroft
2912,Amanda Seyfried
2913,Andrew Lincoln
2914,Anjelica Huston
2915,Bette Midler
2916,Amanda Crew
2917,Adriana Lima
2918,Billy Bob Thornton
2919,Anthony Mackie
2920,Bill Paxton
2921,Bill Daley
2922,Ashley Judd
2923,Ben Stiller
2924,Aaron Taylor-Johnson
2925,Benjamin Bratt
2926,Armin Mueller-Stahl
2927,Andrew Lincoln
2928,Andie MacDowell
2929,Art Carney
2930,Anna Friel
2931,Angela Bassett
2932,Ashley Greene
2933,Anne Baxter
2934,Anne Hathaway
2935,Beyonce Knowles
2936,Angelina Jolie
2937,Ali Larter
2938,Art Carney
2939,Anna Friel
2940,Andy Serkis
2941,Al Roker
2942,Adriana Barraza
2943,Anna Paquin
2944,Antonio Banderas
2945,Amy Ryan
2946,Anna Friel
2947,Al Roker
2948,Anna Paquin
2949,Albert Finney
2950,Aaron Judge
2951,Ben Stiller
2952,Barbra Streisand
2953,Anne Hathaway
2954,Bernie Mac
2955,Ben Kingsley
2956,Angelina Jolie
2957,Benjamin Bratt
2958,Ben Foster
2959,Beyonce Knowles
2960,Ben Kingsley
2961,Andy Serkis
2962,Benjamin Bratt
2963,Anne Baxter
2964,Alexander Skarsgard
2965,Andrew Lincoln
2966,Aaron Paul
2967,Benedict Cumberbatch
2968,Bella Hadid
2969,Angelina Jolie
2970,Angelina Jolie
2971,Barbra Streisand
2972,Andreea Diaconu
2973,Alicia Vikander
2974,Anjelica Huston
2975,Beyonce Knowles
2976,Audrey Tautou
2977,Ashton Kutcher
2978,Bette Midler
2979,AnnaSophia Robb
2980,Amy Adams
2981,Anna Friel
2982,Alan Rickman
2983,Alessandra Ambrosio
2984,Bill Hader
2985,Bella Hadid
2986,Anne Baxter
2987,Bill Rancic
2988,Anna Faris
2989,Ashley Graham
2990,Anna Paquin
2991,Andy Serkis
2992,Ben Johnson
2993,Albert Finney
2994,Ashley Graham
2995,Andrew Garfield
2996,Al Roker
2997,Andrew Luck
2998,Al Pacino
2999,Al Pacino
3000,Albert Brooks
3001,Anna Friel
3002,Aaron Taylor-Johnson
3003,Amanda Peet
3004,Anjelica Huston
3005,Amber Heard
3006,Anthony Perkins
3007,Bette Midler
3008,AnnaSophia Robb
3009,Amber Heard
3010,Audrey Hepburn
3011,Ashton Kutcher
3012,Bill Murray
3013,Anderson Cooper
3014,Bill Paxton
3015,Anna Kendrick
3016,Art Carney
3017,Al Pacino
3018,Amber Heard
3019,Anna Paquin
3020,Audrey Tautou
3021,Angela Bassett
3022,Bill Daley
3023,Berenice Bejo
3024,Bill O Reilly
3025,Berenice Bejo
3026,Amy Schumer
3027,Art Carney
3028,Bill Murray
3029,Ben Johnson
3030,Armin Mueller-Stahl
3031,Anjelica Huston
3032,Amanda Crew
3033,Al Pacino
3034,Albert Brooks
3035,Audrey Tautou
3036,Amy Schumer
3037,Alexandra Daddario
3038,Beyonce Knowles
3039,Alessandra Ambrosio
3040,Al Roker
3041,Arnold Schwarzenegger
3042,Anna Paquin
3043,Alicia Vikander
3044,Adele
3045,bella thorne
3046,Bette Midler
3047,Anna Friel
3048,Andy Murray
3049,Ava Gardner
3050,Alx James
3051,Ben Kingsley
3052,Anderson Cooper
3053,Berenice Bejo
3054,Aaron Paul
3055,Andrew Garfield
3056,Bella Hadid
3057,Adrien Brody
3058,Benjamin Bratt
3059,Angelina Jolie
3060,Andreea Diaconu
3061,Andrew Lincoln
3062,Anne Bancroft
3063,Amy Schumer
3064,Amy Adams
3065,Anna Sui
3066,Ashley Graham
3067,Bill Paxton
3068,Anthony Perkins
3069,Bill Pullman
3070,Aaron Paul
3071,Analeigh Tipton
3072,Ashley Judd
3073,Analeigh Tipton
3074,Anne Baxter
3075,Bella Hadid
3076,Art Carney
3077,Ashley Judd
3078,Andrew Luck
3079,Andrew Garfield
3080,Alicia Vikander
3081,Anna Kendrick
3082,Andrew Luck
3083,Alan Arkin
3084,Amy Schumer
3085,Bill Paxton
3086,Alexander Skarsgard
3087,Anna Paquin
3088,Andrew Luck
3089,Adriana Lima
3090,Bette Midler
3091,Berenice Bejo
3092,Audrey Tautou
3093,Adrien Brody
3094,Bill O Reilly
3095,Benjamin Bratt
3096,Aaron Judge
3097,Beyonce Knowles
3098,Audrey Tautou
3099,Berenice Bejo
3100,Bill Rancic
3101,Abigail Breslin
3102,AnnaSophia Robb
3103,Arnold Schwarzenegger
3104,Andrew Garfield
3105,Andy Serkis
3106,Barabara Palvin
3107,Amy Schumer
3108,Andreea Diaconu
3109,Ashley Graham
3110,Bella Hadid
3111,Anne Bancroft
3112,Bill Murray
3113,Bernie Mac
3114,Amanda Crew
3115,Ali Larter
3116,Andy Samberg
3117,Alan Rickman
3118,Angelina Jolie
3119,Anne Bancroft
3120,Ali Larter
3121,Angelina Jolie
3122,Alessandra Ambrosio
3123,Berenice Bejo
3124,Adrianne Palicki
3125,Audrey Tautou
3126,Anna Friel
3127,Anne Bancroft
3128,Benjamin Bratt
3129,Adam Sandler
3130,Beyonce Knowles
3131,Amanda Crew
3132,Amy Schumer
3133,Albert Brooks
3134,Andrew Lincoln
3135,Andrew Luck
3136,Anjelica Huston
3137,Angelina Jolie
3138,Alexander Skarsgard
3139,Bill Rancic
3140,Ben Foster
3141,Alexis Thorpe
3142,Al Roker
3143,Bette Midler
3144,Berenice Bejo
3145,Andy Samberg
3146,Ashley Greene
3147,Ashley Graham
3148,Adele
3149,Bill Daley
3150,Barry Pepper
3151,Anthony Hopkins
3152,Bella Hadid
3153,Al Roker
3154,Anna Friel
3155,Alx James
3156,Adriana Lima
3157,Adrianne Palicki
3158,Al Pacino
3159,Berenice Bejo
3160,Ashley Greene
3161,Ashley Judd
3162,Bill Murray
3163,Alan Rickman
3164,Ali Larter
3165,Arnold Schwarzenegger
3166,Benjamin Bratt
3167,Anna Friel
3168,Beyonce Knowles
3169,Al Pacino
3170,Alan Rickman
3171,Ashley Greene
3172,Amy Adams
3173,Anna Kendrick
3174,Berenice Bejo
3175,Andreea Diaconu
3176,Andy Serkis
3177,Angelina Jolie
3178,Amanda Crew
3179,Ben Johnson
3180,Ashley Judd
3181,Beyonce Knowles
3182,Adriana Lima
3183,Aaron Judge
3184,Arnold Schwarzenegger
3185,Anna Friel
3186,Bill Rancic
3187,Berenice Bejo
3188,Bill Paxton
3189,Ben Johnson
3190,Anne Baxter
3191,Anjelica Huston
3192,Alexander Skarsgard
3193,Anna Friel
3194,Amanda Crew
3195,Armin Mueller-Stahl
3196,Berenice Bejo
3197,Bill Hader
3198,Anjelica Huston
3199,Alec Baldwin
3200,Albert Finney
3201,Alessandra Ambrosio
3202,Andreea Diaconu
3203,Adele
3204,Anna Paquin
3205,Arnold Schwarzenegger
3206,Amy Adams
3207,Alicia Vikander
3208,Alec Baldwin
3209,Anna Faris
3210,Aaron Paul
3211,Anna Paquin
3212,Bill Murray
3213,Bill Paxton
3214,Berenice Bejo
3215,Anna Kendrick
3216,Bill Rancic
3217,Anthony Hopkins
3218,Anna Paquin
3219,Aaron Paul
3220,Adam Sandler
3221,Ben Stiller
3222,Andrew Luck
3223,Alessandra Ambrosio
3224,Bill Hader
3225,Alex Pettyfer
3226,Anna Friel
3227,Anjelica Huston
3228,Amy Adams
3229,Ben Johnson
3230,Ben Johnson
3231,Annette Bening
3232,Bill Rancic
3233,Bill Pullman
3234,Adrien Brody
3235,Amy Schumer
3236,Betty White
3237,Andreea Diaconu
3238,Anderson Cooper
3239,Anne Baxter
3240,Adrien Brody
3241,Anthony Mackie
3242,Berenice Bejo
3243,Arnold Schwarzenegger
3244,Ben Foster
3245,Alan Arkin
3246,Andy Garcia
3247,Amber Heard
3248,Anne Baxter
3249,Ben Stiller
3250,Alice Eve
3251,Andrew Luck
3252,Anna Paquin
3253,Al Pacino
3254,Alan Rickman
3255,Ben Stiller
3256,Ashley Graham
3257,Art Carney
3258,Ashley Judd
3259,Beyonce Knowles
3260,Albert Finney
3261,Alx James
3262,Benicio Del Toro
3263,Al Pacino
3264,Audrey Tautou
3265,Berenice Bejo
3266,Benicio Del Toro
3267,Anna Paquin
3268,Alice Eve
3269,Bill Paxton
3270,Ashton Kutcher
3271,Alan Alda
3272,Antonio Banderas
3273,Anne Hathaway
3274,Anderson Cooper
3275,Al Pacino
3276,Ali Larter
3277,Aaron Judge
3278,Bill Hader
3279,Anna Sui
3280,Bill Daley
3281,Ashton Kutcher
3282,Alec Baldwin
3283,Al Pacino
3284,Andrew Garfield
3285,Benedict Cumberbatch
3286,Aaron Taylor-Johnson
3287,Anna Paquin
3288,Adele
3289,Alx James
3290,Audrey Tautou
3291,Alice Eve
3292,Ashley Graham
3293,Berenice Bejo
3294,Alessandra Ambrosio
3295,Andrew Lincoln
3296,Angelina Jolie
3297,Barabara Palvin
3298,Andy Serkis
3299,Andrew Luck
3300,Analeigh Tipton
3301,Alexandra Daddario
3302,Art Carney
3303,Amber Heard
3304,Adele
3305,Anna Friel
3306,Beyonce Knowles
3307,AnnaSophia Robb
3308,Anna Paquin
3309,Audrey Hepburn
3310,Barbra Streisand
3311,Ashley Greene
3312,Antonio Banderas
3313,Ali Larter
3314,Ashley Graham
3315,Bill Daley
3316,Berenice Bejo
3317,Bella Hadid
3318,Ashton Kutcher
3319,Bill Rancic
3320,Berenice Bejo
3321,Berenice Bejo
3322,Ben Johnson
3323,Anna Friel
3324,Armin Mueller-Stahl
3325,Alessandra Ambrosio
3326,Anna Kendrick
3327,Adrianne Palicki
3328,Barbra Streisand
3329,AnnaSophia Robb
3330,Amanda Bynes
3331,Bill Pullman
3332,Audrey Hepburn
3333,Ashley Graham
3334,Andie MacDowell
3335,Anderson Cooper
3336,Anna Paquin
3337,Benjamin Bratt
3338,Alec Baldwin
3339,Alec Baldwin
3340,Angelina Jolie
3341,Beyonce Knowles
3342,Alexis Thorpe
3343,Anne Hathaway
3344,Alessandra Ambrosio
3345,Amanda Bynes
3346,Amanda Crew
3347,Aaron Taylor-Johnson
3348,Alan Alda
3349,Anjelica Huston
3350,Alice Eve
3351,Anna Paquin
3352,Anne Hathaway
3353,Andy Samberg
3354,Barbra Streisand
3355,Antonio Banderas
3356,Ashley Graham
3357,Anne Baxter
3358,Ashley Greene
3359,Anna Friel
3360,AnnaSophia Robb
3361,Aaron Judge
3362,Ashley Judd
3363,Aaron Paul
3364,Barabara Palvin
3365,Alexander Skarsgard
3366,Anna Paquin
3367,Ashley Graham
3368,Angelina Jolie
3369,Bill Pullman
3370,Ben Stiller
3371,Anderson Cooper
3372,Alan Arkin
3373,Ben Kingsley
3374,Alan Rickman
3375,Billy Bob Thornton
3376,Benedict Cumberbatch
3377,Barbra Streisand
3378,Arnold Schwarzenegger
3379,Annette Bening
3380,Aaron Judge
3381,Anna Paquin
3382,Andy Garcia
3383,Annette Bening
3384,Arnold Schwarzenegger
3385,Bill Murray
3386,Anna Sui
3387,Alan Alda
3388,Annette Bening
3389,Anne Hathaway
3390,Ashley Greene
3391,AnnaSophia Robb
3392,Andy Murray
3393,Audrey Tautou
3394,Bill Paxton
3395,Bill Paxton
3396,Aaron Paul
3397,Andrew Luck
3398,Alex Pettyfer
3399,Bill Hader
3400,Ava Gardner
3401,Berenice Bejo
3402,Alessandra Ambrosio
3403,Andrew Lincoln
3404,Angelina Jolie
3405,Andy Serkis
3406,Al Pacino
3407,Ashley Judd
3408,Benicio Del Toro
3409,Aaron Taylor-Johnson
3410,Angelina Jolie
3411,Amber Heard
3412,AnnaSophia Robb
3413,Bill Rancic
3414,Barabara Palvin
3415,Amy Schumer
3416,Alan Rickman
3417,Amanda Peet
3418,Al Roker
3419,Adam Sandler
3420,Anna Friel
3421,Anne Bancroft
3422,Andy Samberg
3423,Anthony Perkins
3424,Anjelica Huston
3425,Ben Foster
3426,Amanda Crew
3427,Bill O Reilly
3428,Ben Kingsley
3429,Anna Paquin
3430,Art Carney
3431,Anjelica Huston
3432,Alx James
3433,Audrey Tautou
3434,Alex Pettyfer
3435,Ben Foster
3436,Berenice Bejo
3437,Ashton Kutcher
3438,Aaron Judge
3439,Angelina Jolie
3440,Alan Rickman
3441,Ali Larter
3442,Aaron Taylor-Johnson
3443,Antonio Banderas
3444,Anne Baxter
3445,Alex Pettyfer
3446,Ben Foster
3447,Andreea Diaconu
3448,Anna Paquin
3449,Al Pacino
3450,Anna Friel
3451,Bill Hader
3452,Al Pacino
3453,Billy Bob Thornton
3454,Anthony Mackie
3455,Anne Hathaway
3456,Ben Kingsley
3457,Arnold Schwarzenegger
3458,Al Pacino
3459,Amy Ryan
3460,Aaron Paul
3461,Audrey Tautou
3462,Berenice Bejo
3463,Adrianne Palicki
3464,Adrien Brody
3465,Anna Kendrick
3466,Al Pacino
3467,Adam Sandler
3468,Alice Eve
3469,Aaron Judge
3470,Anna Friel
3471,Berenice Bejo
3472,Andie MacDowell
3473,Amber Heard
3474,Bill Murray
3475,Audrey Tautou
3476,Albert Finney
3477,Bette Midler
3478,Bill Murray
3479,Audrey Tautou
3480,Anna Paquin
3481,Anne Baxter
3482,Andrew Lincoln
3483,Amber Heard
3484,Berenice Bejo
3485,Armin Mueller-Stahl
3486,Andy Serkis
3487,Benjamin Bratt
3488,Bette Midler
3489,Bill O Reilly
3490,Antonio Banderas
3491,Barbra Streisand
3492,Alec Baldwin
3493,Amy Adams
3494,Anne Bancroft
3495,Ashley Greene
3496,Ashton Kutcher
3497,Bette Midler
3498,Abigail Breslin
3499,Anjelica Huston
3500,Ben Kingsley
3501,Anna Paquin
3502,Amber Heard
3503,Anthony Perkins
3504,Amanda Seyfried
3505,Adele
3506,Anna Paquin
3507,Anjelica Huston
3508,Ashley Judd
3509,Berenice Bejo
3510,Amy Schumer
3511,Anna Paquin
3512,Bill Rancic
3513,Abigail Breslin
3514,Alec Baldwin
3515,Amber Heard
3516,Al Pacino
3517,Angela Bassett
3518,Alec Baldwin
3519,Benedict Cumberbatch
3520,Alx James
3521,Berenice Bejo
3522,Bella Hadid
3523,Alexandra Daddario
3524,Benicio Del Toro
3525,Alan Rickman
3526,Amy Ryan
3527,Amber Heard
3528,Benicio Del Toro
3529,Berenice Bejo
3530,Anna Kendrick
3531,Amy Schumer
3532,Arnold Schwarzenegger
3533,Alex Pettyfer
3534,Alan Arkin
3535,Audrey Tautou
3536,Bill Paxton
3537,Adam Sandler
3538,Armin Mueller-Stahl
3539,Aaron Paul
3540,Alexis Thorpe
3541,Alan Arkin
3542,Audrey Hepburn
3543,Alx James
3544,Betty White
3545,Arnold Schwarzenegger
3546,Alan Alda
3547,Adrien Brody
3548,Al Pacino
3549,Betty White
3550,Amanda Seyfried
3551,Anne Bancroft
3552,Adriana Lima
3553,Ashley Graham
3554,Audrey Tautou
3555,Berenice Bejo
3556,Bill Daley
3557,Amber Heard
3558,Bernie Mac
3559,Benedict Cumberbatch
3560,Berenice Bejo
3561,Ava Gardner
3562,Ben Stiller
3563,Annette Bening
3564,Ashley Graham
3565,Bella Hadid
3566,Betty White
3567,Bill Murray
3568,Analeigh Tipton
3569,Ava Gardner
3570,Angelina Jolie
3571,Anna Paquin
3572,Amanda Crew
3573,Art Carney
3574,Alice Eve
3575,Alicia Vikander
3576,Ben Stiller
3577,Barbra Streisand
3578,Bill Daley
3579,Angela Bassett
3580,Anjelica Huston
3581,Ben Kingsley
3582,Ben Foster
3583,Anjelica Huston
3584,Anna Paquin
3585,Amanda Seyfried
3586,Albert Finney
3587,Anne Hathaway
3588,Art Carney
3589,Ashley Greene
3590,Ashton Kutcher
3591,Angelina Jolie
3592,Antonio Banderas
3593,Alx James
3594,Anthony Perkins
3595,Aaron Taylor-Johnson
3596,Andrew Luck
3597,Ashley Greene
3598,Angelina Jolie
3599,Aaron Judge
3600,Alessandra Ambrosio
3601,Ben Johnson
3602,Angelina Jolie
3603,Amber Heard
3604,Amber Heard
3605,Bill Hader
3606,Al Roker
3607,Anna Kendrick
3608,Beyonce Knowles
3609,Anne Hathaway
3610,Amber Heard
3611,Ashley Greene
3612,Al Pacino
3613,Anna Sui
3614,Barbra Streisand
3615,Anne Hathaway
3616,Beyonce Knowles
3617,Bette Midler
3618,Betty White
3619,Bella Hadid
3620,Angelina Jolie
3621,Amanda Crew
3622,Ashley Judd
3623,Betty White
3624,Alx James
3625,Benedict Cumberbatch
3626,Beyonce Knowles
3627,Beyonce Knowles
3628,Berenice Bejo
3629,Andie MacDowell
3630,Betty White
3631,Anthony Mackie
3632,Armin Mueller-Stahl
3633,Andy Garcia
3634,Bella Hadid
3635,Aaron Judge
3636,Anne Bancroft
3637,Ben Johnson
3638,Alice Eve
3639,Ben Kingsley
3640,Ben Stiller
3641,Anne Hathaway
3642,Alexander Skarsgard
3643,Anna Kendrick
3644,Ashley Greene
3645,Bill Daley
3646,Anthony Mackie
3647,Adam Sandler
3648,Al Roker
3649,Anna Friel
3650,Art Carney
3651,Armin Mueller-Stahl
3652,Ava Gardner
3653,Amanda Crew
3654,Audrey Tautou
3655,Anderson Cooper
3656,Albert Finney
3657,Adele
3658,Benicio Del Toro
3659,Anna Friel
3660,Bill O Reilly
3661,Andrew Luck
3662,Aaron Judge
3663,Angelina Jolie
3664,Bill Daley
3665,Alessandra Ambrosio
3666,Antonio Banderas
3667,Bill Rancic
3668,Andreea Diaconu
3669,Andy Serkis
3670,Andy Garcia
3671,Anne Hathaway
3672,Audrey Hepburn
3673,Bill Murray
3674,Bette Midler
3675,Alexandra Daddario
3676,Anne Hathaway
3677,Aaron Paul
3678,Bill Murray
3679,Anna Sui
3680,Al Roker
3681,Analeigh Tipton
3682,Bella Hadid
3683,Alx James
3684,Aaron Judge
3685,Andy Serkis
3686,Adele
3687,Ben Foster
3688,Bill Paxton
3689,Albert Brooks
3690,Andy Serkis
3691,Ashley Greene
3692,Berenice Bejo
3693,Arnold Schwarzenegger
3694,Abigail Breslin
3695,Anna Kendrick
3696,Al Roker
3697,Berenice Bejo
3698,Andrew Luck
3699,AnnaSophia Robb
3700,Andie MacDowell
3701,Amanda Peet
3702,Anne Hathaway
3703,Akemi Darenogare
3704,Aaron Paul
3705,Anderson Cooper
3706,Alexander Skarsgard
3707,Anthony Hopkins
3708,Bill Murray
3709,Billy Bob Thornton
3710,Ben Stiller
3711,Alan Rickman
3712,Ben Stiller
3713,Ava Gardner
3714,Bill O Reilly
3715,Bill Rancic
3716,Anna Friel
3717,Benicio Del Toro
3718,Alessandra Ambrosio
3719,Anna Friel
3720,Ben Kingsley
3721,Ben Foster
3722,Alessandra Ambrosio
3723,Armin Mueller-Stahl
3724,Al Roker
3725,Anna Paquin
3726,Bill Paxton
3727,Aaron Paul
3728,Aaron Judge
3729,Audrey Tautou
3730,Audrey Tautou
3731,Bill Murray
3732,Amanda Crew
3733,Anna Friel
3734,Albert Brooks
3735,bella thorne
3736,Anne Bancroft
3737,Benicio Del Toro
3738,Amy Adams
3739,Bernie Mac
3740,Amanda Seyfried
3741,Bill Paxton
3742,Andrew Garfield
3743,Aaron Taylor-Johnson
3744,Adriana Lima
3745,Amanda Seyfried
3746,Bella Hadid
3747,Adam Sandler
3748,Amanda Seyfried
3749,Bill Rancic
3750,Art Carney
3751,Alexander Skarsgard
3752,Anna Sui
3753,Adriana Lima
3754,Ashley Greene
3755,Albert Brooks
3756,Alec Baldwin
3757,Ashton Kutcher
3758,Ashley Judd
3759,Amanda Peet
3760,Ben Affleck
3761,Andie MacDowell
3762,Amy Schumer
3763,Angelina Jolie
3764,Anna Friel
3765,Anna Paquin
3766,Analeigh Tipton
3767,Andrew Garfield
3768,Amber Heard
3769,Analeigh Tipton
3770,Anne Hathaway
3771,Andy Serkis
3772,Barbra Streisand
3773,Berenice Bejo
3774,Bill Murray
3775,Alec Baldwin
3776,Bette Midler
3777,Alec Baldwin
3778,Anna Friel
3779,Berenice Bejo
3780,Billy Bob Thornton
3781,Adele
3782,Bill Murray
3783,Anne Hathaway
3784,Barbra Streisand
3785,Anne Bancroft
3786,Alex Pettyfer
3787,Alx James
3788,Bella Hadid
3789,Alex Pettyfer
3790,Angelina Jolie
3791,Bill Rancic
3792,Bill Murray
3793,Adrianne Palicki
3794,Bill Paxton
3795,Andrew Lincoln
3796,Bella Hadid
3797,Aaron Taylor-Johnson
3798,Barabara Palvin
3799,Angelina Jolie
3800,Berenice Bejo
3801,Bill Rancic
3802,Angelina Jolie
3803,Amy Schumer
3804,Albert Finney
3805,Antonio Banderas
3806,Albert Brooks
3807,Ashley Judd
3808,Amanda Crew
3809,Anna Friel
3810,Akemi Darenogare
3811,Adriana Barraza
3812,Aaron Paul
3813,Adam Sandler
3814,Audrey Tautou
3815,Andreea Diaconu
3816,Aaron Judge
3817,Alex Pettyfer
3818,Aaron Judge
3819,Alx James
3820,Anderson Cooper
3821,Alx James
3822,Ashley Judd
3823,Andy Serkis
3824,Alan Arkin
3825,Andy Garcia
3826,Amanda Seyfried
3827,Alessandra Ambrosio
3828,Anna Paquin
3829,Anne Hathaway
3830,Aaron Judge
3831,Arnold Schwarzenegger
3832,Anna Paquin
3833,Anna Kendrick
3834,Billy Bob Thornton
3835,Ben Affleck
3836,Audrey Tautou
3837,Billy Bob Thornton
3838,Ava Gardner
3839,Ben Kingsley
3840,Angelina Jolie
3841,Adriana Barraza
3842,Bill Daley
3843,Ben Kingsley
3844,Amber Heard
3845,Alessandra Ambrosio
3846,Beyonce Knowles
3847,Alex Pettyfer
3848,Albert Brooks
3849,Adam Sandler
3850,Adriana Barraza
3851,Anna Paquin
3852,Berenice Bejo
3853,Analeigh Tipton
3854,Art Carney
3855,Anne Hathaway
3856,Andrew Luck
3857,Audrey Hepburn
3858,Angelina Jolie
3859,Ben Kingsley
3860,bella thorne
3861,Amanda Peet
3862,Art Carney
3863,Anderson Cooper
3864,Anderson Cooper
3865,Amy Adams
3866,Alec Baldwin
3867,Aaron Paul
3868,Al Pacino
3869,Al Pacino
3870,Anna Friel
3871,Benicio Del Toro
3872,Anderson Cooper
3873,Anna Kendrick
3874,Analeigh Tipton
3875,Aaron Judge
3876,Andreea Diaconu
3877,Andy Serkis
3878,Bill Pullman
3879,Andie MacDowell
3880,Alan Alda
3881,Arnold Schwarzenegger
3882,Andrew Luck
3883,Abigail Breslin
3884,Berenice Bejo
3885,Abigail Breslin
3886,Audrey Tautou
3887,Alicia Vikander
3888,Alessandra Ambrosio
3889,Anna Sui
3890,Anjelica Huston
3891,Bill Paxton
3892,Alx James
3893,Ashley Graham
3894,Antonio Banderas
3895,Bette Midler
3896,Anna Friel
3897,Betty White
3898,Ava Gardner
3899,Ben Johnson
3900,Amanda Crew
3901,Anne Baxter
3902,Antonio Banderas
3903,Alexis Thorpe
3904,Audrey Hepburn
3905,Betty White
3906,Anne Baxter
3907,Arnold Schwarzenegger
3908,Andy Serkis
3909,Anna Paquin
3910,Bernie Mac
3911,Beyonce Knowles
3912,Ben Stiller
3913,Amanda Seyfried
3914,Andy Samberg
3915,Art Carney
3916,Ashley Judd
3917,Alan Rickman
3918,Anna Paquin
3919,Aaron Paul
3920,Arnold Schwarzenegger
3921,Bill Rancic
3922,Bill Paxton
3923,Albert Finney
3924,Benedict Cumberbatch
3925,Alicia Vikander
3926,Ben Foster
3927,Anna Paquin
3928,Bill Rancic
3929,Amber Heard
3930,Adriana Barraza
3931,Bill Daley
3932,Anna Kendrick
3933,Alexis Thorpe
3934,Alan Alda
3935,Alice Eve
3936,Andy Serkis
3937,Ava Gardner
3938,Anna Sui
3939,Al Roker
3940,Ashley Graham
3941,AnnaSophia Robb
3942,Al Pacino
3943,Anna Sui
3944,Ashley Judd
3945,Bette Midler
3946,Bill Hader
3947,Ben Kingsley
3948,Barabara Palvin
3949,Akemi Darenogare
3950,Adele
3951,Amy Adams
3952,Angelina Jolie
3953,Bernie Mac
3954,Adam Sandler
3955,Beyonce Knowles
3956,Andrew Garfield
3957,Bernie Mac
3958,Ben Johnson
3959,Abigail Breslin
3960,Anna Paquin
3961,Ava Gardner
3962,Anthony Hopkins
3963,Al Roker
3964,Barbra Streisand
3965,Audrey Hepburn
3966,Alessandra Ambrosio
3967,Amanda Crew
3968,Arnold Schwarzenegger
3969,Anjelica Huston
3970,Andy Serkis
3971,Bill Rancic
3972,Aaron Judge
3973,Anthony Hopkins
3974,Aaron Paul
3975,Arnold Schwarzenegger
3976,Bella Hadid
3977,Audrey Tautou
3978,Antonio Banderas
3979,Andy Garcia
3980,Andrew Luck
3981,Abigail Breslin
3982,Benedict Cumberbatch
3983,Betty White
3984,Alexis Thorpe
3985,Ben Johnson
3986,Berenice Bejo
3987,Alan Rickman
3988,Alessandra Ambrosio
3989,Adrien Brody
3990,Alicia Vikander
3991,Andy Serkis
3992,Annette Bening
3993,Barbra Streisand
3994,Betty White
3995,Beyonce Knowles
3996,Ashley Judd
3997,Anne Hathaway
3998,Anna Paquin
3999,Barbra Streisand
4000,Amanda Peet
4001,Andrew Luck
4002,Alan Alda
4003,Anjelica Huston
4004,Ben Johnson
4005,Amanda Crew
4006,Ben Stiller
4007,Alec Baldwin
4008,Bill Murray
4009,Ashley Judd
4010,Alexis Thorpe
4011,Benjamin Bratt
4012,Adam Sandler
4013,Ashley Greene
4014,Betty White
4015,Ben Kingsley
4016,Albert Finney
4017,Anna Friel
4018,Andrew Lincoln
4019,Anne Baxter
4020,Beyonce Knowles
4021,Ashley Graham
4022,Al Pacino
4023,Anne Bancroft
4024,Andrew Luck
4025,Alx James
4026,Anjelica Huston
4027,Bill Rancic
4028,Anne Hathaway
4029,Angelina Jolie
4030,Alexander Skarsgard
4031,Amanda Crew
4032,Audrey Tautou
4033,Art Carney
4034,Andy Serkis
4035,Alec Baldwin
4036,Audrey Tautou
4037,Bill Paxton
4038,Anne Hathaway
4039,Alexandra Daddario
4040,Albert Brooks
4041,Angelina Jolie
4042,Aaron Paul
4043,Ashley Graham
4044,Ashley Judd
4045,Angela Bassett
4046,Art Carney
4047,Anna Paquin
4048,Barabara Palvin
4049,Amanda Peet
4050,Anthony Hopkins
4051,Anne Hathaway
4052,Anthony Hopkins
4053,Billy Bob Thornton
4054,Andy Serkis
4055,Amanda Peet
4056,Bill Murray
4057,Albert Finney
4058,Al Pacino
4059,Audrey Tautou
4060,Anthony Hopkins
4061,Alice Eve
4062,Ben Kingsley
4063,Ashley Greene
4064,Al Pacino
4065,Albert Brooks
4066,Amber Heard
4067,Bill Rancic
4068,Amber Heard
4069,Bill Paxton
4070,Alexis Thorpe
4071,Adrien Brody
4072,Anne Baxter
4073,Ben Kingsley
4074,Ashley Greene
4075,Alexis Thorpe
4076,Andrew Lincoln
4077,AnnaSophia Robb
4078,Anderson Cooper
4079,Angelina Jolie
4080,Anne Bancroft
4081,Aaron Paul
4082,Bill O Reilly
4083,Bill Paxton
4084,Billy Bob Thornton
4085,Alexander Skarsgard
4086,Anna Friel
4087,Aaron Judge
4088,Angela Bassett
4089,Audrey Tautou
4090,Benedict Cumberbatch
4091,Ben Kingsley
4092,Albert Brooks
4093,Anne Baxter
4094,Bill Murray
4095,Amy Adams
4096,Angelina Jolie
4097,Andy Samberg
4098,Amy Adams
4099,Bill Paxton
4100,Bernie Mac
4101,Alexis Thorpe
4102,Bette Midler
4103,Alan Alda
4104,Aaron Judge
4105,Adele
4106,Berenice Bejo
4107,Billy Bob Thornton
4108,Ben Kingsley
4109,Berenice Bejo
4110,Alx James
4111,Amanda Peet
4112,Albert Finney
4113,Anderson Cooper
4114,Adam Sandler
4115,Ashley Greene
4116,Analeigh Tipton
4117,Albert Brooks
4118,Anne Hathaway
4119,Antonio Banderas
4120,Aaron Judge
4121,Alice Eve
4122,Ben Foster
4123,Bill O Reilly
4124,Anthony Mackie
4125,Bill O Reilly
4126,Bill Hader
4127,Andy Serkis
4128,Audrey Tautou
4129,Amanda Peet
4130,Bill Rancic
4131,Ali Larter
4132,Audrey Hepburn
4133,Alan Rickman
4134,Bill O Reilly
4135,Aaron Judge
4136,Ava Gardner
4137,Anna Friel
4138,Alessandra Ambrosio
4139,Ben Kingsley
4140,Benicio Del Toro
4141,Angelina Jolie
4142,Amanda Seyfried
4143,Andrew Lincoln
4144,Adam Sandler
4145,Beyonce Knowles
4146,Aaron Judge
4147,Anna Kendrick
4148,Adele
4149,Beyonce Knowles
4150,Ava Gardner
4151,Aaron Taylor-Johnson
4152,Angelina Jolie
4153,Andrew Garfield
4154,Ali Larter
4155,Angelina Jolie
4156,Ali Larter
4157,Albert Finney
4158,Amanda Bynes
4159,Adriana Barraza
4160,Andreea Diaconu
4161,Amber Heard
4162,Bill Rancic
4163,Ben Stiller
4164,Barabara Palvin
4165,Ashley Judd
4166,Andy Garcia
4167,Anne Bancroft
4168,Angelina Jolie
4169,Amanda Crew
4170,Amanda Crew
4171,Amanda Bynes
4172,AnnaSophia Robb
4173,Bill Daley
4174,Ashley Judd
4175,Angelina Jolie
4176,Ashley Greene
4177,Anjelica Huston
4178,Andreea Diaconu
4179,Barry Pepper
4180,Adriana Barraza
4181,Al Roker
4182,bella thorne
4183,Anjelica Huston
4184,Anna Paquin
4185,Barbra Streisand
4186,Audrey Hepburn
4187,Annette Bening
4188,Amanda Seyfried
4189,Anna Friel
4190,Ben Johnson
4191,Berenice Bejo
4192,Bill Hader
4193,Albert Finney
4194,Albert Brooks
4195,Alexandra Daddario
4196,Ben Affleck
4197,Anna Friel
4198,Andrew Garfield
4199,Ben Kingsley
4200,Arnold Schwarzenegger
4201,Betty White
4202,Andrew Lincoln
4203,Amy Schumer
4204,Angelina Jolie
4205,Betty White
4206,Anne Hathaway
4207,Anthony Hopkins
4208,Bill Daley
4209,Al Roker
4210,Ashton Kutcher
4211,Ben Affleck
4212,Audrey Tautou
4213,Abigail Breslin
4214,Antonio Banderas
4215,AnnaSophia Robb
4216,Anna Paquin
4217,Anna Paquin
4218,Alice Eve
4219,Beyonce Knowles
4220,Alexis Thorpe
4221,Anna Friel
4222,Adriana Barraza
4223,Anne Bancroft
4224,Andrew Lincoln
4225,Angela Bassett
4226,Abigail Breslin
4227,Ben Kingsley
4228,Amy Ryan
4229,Amanda Seyfried
4230,Amy Ryan
4231,Berenice Bejo
4232,Anthony Mackie
4233,Amber Heard
4234,Andy Serkis
4235,Barry Pepper
4236,Andy Samberg
4237,Berenice Bejo
4238,Bill Paxton
4239,Antonio Banderas
4240,Anjelica Huston
4241,Andy Garcia
4242,AnnaSophia Robb
4243,Audrey Tautou
4244,Andrew Garfield
4245,Anna Kendrick
4246,Art Carney
4247,bella thorne
4248,Al Roker
4249,Aaron Judge
4250,Beyonce Knowles
4251,Bill Paxton
4252,Al Pacino
4253,Al Pacino
4254,Benjamin Bratt
4255,Anna Sui
4256,Akemi Darenogare
4257,Al Pacino
4258,Anthony Perkins
4259,Aaron Taylor-Johnson
4260,Alx James
4261,Audrey Tautou
4262,Adele
4263,Analeigh Tipton
4264,Andie MacDowell
4265,Adam Sandler
4266,Alec Baldwin
4267,bella thorne
4268,Anthony Hopkins
4269,Al Pacino
4270,Bernie Mac
4271,Ashley Graham
4272,Ashley Greene
4273,Alec Baldwin
4274,Amanda Crew
4275,Billy Bob Thornton
4276,Betty White
4277,Amber Heard
4278,Amanda Bynes
4279,Benedict Cumberbatch
4280,Anna Paquin
4281,Angela Bassett
4282,Ben Stiller
4283,Beyonce Knowles
4284,Beyonce Knowles
4285,Analeigh Tipton
4286,Bill Rancic
4287,Alexander Skarsgard
4288,AnnaSophia Robb
4289,Bill Hader
4290,Andy Serkis
4291,Adriana Barraza
4292,Amanda Seyfried
4293,Adele
4294,Ashley Graham
4295,Aaron Paul
4296,Anthony Mackie
4297,Anne Baxter
4298,Anna Kendrick
4299,Audrey Tautou
4300,Amber Heard
4301,Anthony Perkins
4302,Andy Samberg
4303,Arnold Schwarzenegger
4304,Aaron Paul
4305,Angela Bassett
4306,Anthony Perkins
4307,Antonio Banderas
4308,Alexandra Daddario
4309,Bill Daley
4310,Amanda Crew
4311,Bill Daley
4312,Andrew Garfield
4313,Andrew Garfield
4314,Bill Rancic
4315,Bernie Mac
4316,Alec Baldwin
4317,Aaron Judge
4318,Andrew Garfield
4319,Amy Ryan
4320,Andrew Garfield
4321,Anne Baxter
4322,Bella Hadid
4323,Alx James
4324,Art Carney
4325,Bill Daley
4326,Audrey Tautou
4327,Alec Baldwin
4328,Amanda Peet
4329,Barry Pepper
4330,Aaron Taylor-Johnson
4331,Alice Eve
4332,Angelina Jolie
4333,Amanda Crew
4334,Anna Paquin
4335,Amy Schumer
4336,Anne Hathaway
4337,Adam Sandler
4338,Albert Finney
4339,Alexis Thorpe
4340,Albert Finney
4341,Ben Kingsley
4342,Angelina Jolie
4343,Adrianne Palicki
4344,Alessandra Ambrosio
4345,Bette Midler
4346,Audrey Tautou
4347,Beyonce Knowles
4348,Alessandra Ambrosio
4349,Alice Eve
4350,Abigail Breslin
4351,Betty White
4352,AnnaSophia Robb
4353,Bill O Reilly
4354,Audrey Tautou
4355,Bill Paxton
4356,Anne Baxter
4357,Art Carney
4358,Ava Gardner
4359,Anna Paquin
4360,Audrey Tautou
4361,Audrey Tautou
4362,Andy Serkis
4363,Andrew Garfield
4364,Amanda Crew
4365,Alan Alda
4366,Andy Serkis
4367,Barabara Palvin
4368,Andrew Garfield
4369,Audrey Tautou
4370,Ben Stiller
4371,Anna Friel
4372,Al Pacino
4373,Beyonce Knowles
4374,Angelina Jolie
4375,Al Pacino
4376,Ben Foster
4377,Anne Hathaway
4378,Amy Schumer
4379,Angelina Jolie
4380,Berenice Bejo
4381,Angelina Jolie
4382,Al Pacino
4383,Angelina Jolie
4384,Amanda Seyfried
4385,Benjamin Bratt
4386,Alexis Thorpe
4387,Al Roker
4388,Aaron Judge
4389,Bill Hader
4390,Bill O Reilly
4391,Benicio Del Toro
4392,Andy Serkis
4393,Adrianne Palicki
4394,Billy Bob Thornton
4395,Anna Friel
4396,Albert Brooks
4397,Anne Baxter
4398,Benicio Del Toro
4399,Anne Hathaway
4400,Ashley Graham
4401,Alan Alda
4402,Andrew Garfield
4403,Andie MacDowell
4404,Betty White
4405,Angelina Jolie
4406,Anna Faris
4407,Ben Foster
4408,Annette Bening
4409,Adele
4410,Annette Bening
4411,Angelina Jolie
4412,Ava Gardner
4413,Anne Hathaway
4414,Anne Hathaway
4415,Bette Midler
4416,Akemi Darenogare
4417,Ashton Kutcher
4418,Ben Foster
4419,Albert Brooks
4420,Audrey Tautou
4421,Aaron Judge
4422,Andrew Lincoln
4423,Ben Kingsley
4424,Bill Daley
4425,Amy Ryan
4426,Abigail Breslin
4427,Anne Hathaway
4428,Andrew Luck
4429,Ben Kingsley
4430,Aaron Judge
4431,Andy Murray
4432,Aaron Judge
4433,Barry Pepper
4434,Bill Rancic
4435,Ava Gardner
4436,Ava Gardner
4437,Ben Johnson
4438,Anna Friel
4439,Andie MacDowell
4440,Berenice Bejo
4441,Bella Hadid
4442,Ashley Graham
4443,Benjamin Bratt
4444,Abigail Breslin
4445,Beyonce Knowles
4446,Al Pacino
4447,Berenice Bejo
4448,Anna Paquin
4449,AnnaSophia Robb
4450,Audrey Hepburn
4451,Anjelica Huston
4452,Bill Pullman
4453,Abigail Breslin
4454,Alexis Thorpe
4455,Alx James
4456,Amber Heard
4457,Berenice Bejo
4458,Bill Hader
4459,Bette Midler
4460,Berenice Bejo
4461,Adriana Lima
4462,Ben Kingsley
4463,Anthony Perkins
4464,Berenice Bejo
4465,Alexander Skarsgard
4466,Anne Baxter
4467,Albert Brooks
4468,Alessandra Ambrosio
4469,Anna Friel
4470,Beyonce Knowles
4471,Al Pacino
4472,Anna Sui
4473,Ashley Graham
4474,Adele
4475,Akemi Darenogare
4476,Bill Paxton
4477,Alan Rickman
4478,Bella Hadid
4479,Al Roker
4480,Bill Hader
4481,Angelina Jolie
4482,Alexis Thorpe
4483,Alan Rickman
4484,Angelina Jolie
4485,Adele
4486,Adrien Brody
4487,Al Pacino
4488,Andrew Lincoln
4489,Andy Serkis
4490,Beyonce Knowles
4491,Albert Finney
4492,Arnold Schwarzenegger
4493,Beyonce Knowles
4494,Analeigh Tipton
4495,Anne Bancroft
4496,Albert Finney
4497,Alice Eve
4498,Adele
4499,Bill O Reilly
4500,Ben Kingsley
4501,Abigail Breslin
4502,Antonio Banderas
4503,Anthony Perkins
4504,Andie MacDowell
4505,Bill Rancic
4506,Aaron Judge
4507,Anne Hathaway
4508,Alx James
4509,Benedict Cumberbatch
4510,Bill Hader
4511,Alexis Thorpe
4512,Ava Gardner
4513,Alan Rickman
4514,Alice Eve
4515,Ben Johnson
4516,Aaron Judge
4517,Ashton Kutcher
4518,Andie MacDowell
4519,Alessandra Ambrosio
4520,Amanda Bynes
4521,Audrey Tautou
4522,Anthony Hopkins
4523,Anthony Mackie
4524,Andrew Lincoln
4525,AnnaSophia Robb
4526,Arnold Schwarzenegger
4527,Amanda Crew
4528,Anna Friel
4529,Berenice Bejo
4530,Anna Friel
4531,Amanda Peet
4532,Anna Paquin
4533,Anthony Mackie
4534,Aaron Taylor-Johnson
4535,Amanda Peet
4536,Bill Paxton
4537,Anthony Mackie
4538,Anthony Perkins
4539,Barry Pepper
4540,bella thorne
4541,Bette Midler
4542,Anna Friel
4543,Alec Baldwin
4544,Anna Sui
4545,Adrien Brody
4546,Betty White
4547,Berenice Bejo
4548,Bill Paxton
4549,AnnaSophia Robb
4550,Audrey Tautou
4551,Amanda Seyfried
4552,Beyonce Knowles
4553,Arnold Schwarzenegger
4554,Arnold Schwarzenegger
4555,Ben Johnson
4556,Berenice Bejo
4557,Bella Hadid
4558,Ben Stiller
4559,Alexis Thorpe
4560,Amanda Peet
4561,Adriana Lima
4562,Berenice Bejo
4563,Amanda Bynes
4564,Art Carney
4565,Ashley Graham
4566,Billy Bob Thornton
4567,Andrew Lincoln
4568,Bill Paxton
4569,Albert Finney
4570,Ben Stiller
4571,Alessandra Ambrosio
4572,Amanda Seyfried
4573,Bernie Mac
4574,Billy Bob Thornton
4575,Berenice Bejo
4576,Andy Murray
4577,Anthony Hopkins
4578,Anderson Cooper
4579,Audrey Tautou
4580,Bette Midler
4581,Billy Bob Thornton
4582,Al Pacino
4583,Ashley Judd
4584,Akemi Darenogare
4585,Anne Baxter
4586,Alessandra Ambrosio
4587,Aaron Taylor-Johnson
4588,Bette Midler
4589,Andreea Diaconu
4590,Benjamin Bratt
4591,Anthony Hopkins
4592,Adam Sandler
4593,Alec Baldwin
4594,Andie MacDowell
4595,Alexander Skarsgard
4596,Ashton Kutcher
4597,Al Pacino
4598,Ben Johnson
4599,Adam Sandler
4600,Alx James
4601,Benjamin Bratt
4602,Ashton Kutcher
4603,Berenice Bejo
4604,Alx James
4605,Ava Gardner
4606,Adam Sandler
4607,Amy Ryan
4608,Anna Faris
4609,Ali Larter
4610,Andrew Lincoln
4611,Benedict Cumberbatch
4612,Alicia Vikander
4613,Bill Daley
4614,Anjelica Huston
4615,Arnold Schwarzenegger
4616,Bill Rancic
4617,Aaron Judge
4618,Anne Bancroft
4619,Benedict Cumberbatch
4620,Angelina Jolie
4621,Amber Heard
4622,Anne Hathaway
4623,Amanda Peet
4624,Bill Paxton
4625,Audrey Tautou
4626,Billy Bob Thornton
4627,Alessandra Ambrosio
4628,Berenice Bejo
4629,Amber Heard
4630,Andrew Luck
4631,Audrey Tautou
4632,Anjelica Huston
4633,Alice Eve
4634,Adriana Lima
4635,Abigail Breslin
4636,Ben Stiller
4637,Amber Heard
4638,Aaron Paul
4639,Andie MacDowell
4640,Aaron Judge
4641,Bill Murray
4642,Angelina Jolie
4643,Audrey Tautou
4644,Amanda Crew
4645,Ali Larter
4646,Annette Bening
4647,Audrey Tautou
4648,Angelina Jolie
4649,Ashley Greene
4650,Amber Heard
4651,Audrey Tautou
4652,Ashley Graham
4653,Anna Sui
4654,Andie MacDowell
4655,Arnold Schwarzenegger
4656,Anne Baxter
4657,Beyonce Knowles
4658,Ben Kingsley
4659,Anjelica Huston
4660,Bill Daley
4661,Audrey Tautou
4662,Adrien Brody
4663,Anthony Mackie
4664,Aaron Judge
4665,Berenice Bejo
4666,Anderson Cooper
4667,Audrey Tautou
4668,Anne Baxter
4669,Bill O Reilly
4670,Alexis Thorpe
4671,Ben Johnson
4672,Adam Sandler
4673,Analeigh Tipton
4674,Alec Baldwin
4675,Bill Daley
4676,Albert Brooks
4677,Bill O Reilly
4678,Beyonce Knowles
4679,Anne Hathaway
4680,Berenice Bejo
4681,Alessandra Ambrosio
4682,AnnaSophia Robb
4683,Barry Pepper
4684,Angelina Jolie
4685,Benjamin Bratt
4686,Ashley Graham
4687,Bella Hadid
4688,Andie MacDowell
4689,Anne Hathaway
4690,Analeigh Tipton
4691,Alexandra Daddario
4692,Angelina Jolie
4693,Barry Pepper
4694,Bill Paxton
4695,Ashley Greene
4696,Bella Hadid
4697,Benedict Cumberbatch
4698,Aaron Judge
4699,Ashley Graham
4700,Al Roker
4701,Audrey Tautou
4702,Amanda Crew
4703,Anne Bancroft
4704,Berenice Bejo
4705,Andrew Luck
4706,Andy Samberg
4707,Benedict Cumberbatch
4708,Beyonce Knowles
4709,Amy Schumer
4710,Anna Kendrick
4711,Amy Adams
4712,Alexis Thorpe
4713,Amber Heard
4714,Ben Foster
4715,Analeigh Tipton
4716,Betty White
4717,Andie MacDowell
4718,Anjelica Huston
4719,Andie MacDowell
4720,Betty White
4721,Ashley Greene
4722,Anne Baxter
4723,Beyonce Knowles
4724,Ashley Judd
4725,Amanda Peet
4726,Bill Paxton
4727,Adele
4728,Alexander Skarsgard
4729,Adam Sandler
4730,Albert Brooks
4731,AnnaSophia Robb
4732,Beyonce Knowles
4733,Andrew Luck
4734,Alec Baldwin
4735,Armin Mueller-Stahl
4736,Berenice Bejo
4737,Barabara Palvin
4738,Berenice Bejo
4739,Analeigh Tipton
4740,Barbra Streisand
4741,Anna Friel
4742,Bill Murray
4743,Audrey Tautou
4744,Ali Larter
4745,Aaron Judge
4746,Bernie Mac
4747,Art Carney
4748,Aaron Taylor-Johnson
4749,Bill Pullman
4750,Andy Garcia
4751,Ava Gardner
4752,Aaron Judge
4753,Anna Paquin
4754,Alice Eve
4755,Ben Stiller
4756,Berenice Bejo
4757,Annette Bening
4758,Adriana Barraza
4759,Benicio Del Toro
4760,Benedict Cumberbatch
4761,Anjelica Huston
4762,Armin Mueller-Stahl
4763,Andreea Diaconu
4764,Abigail Breslin
4765,Anne Hathaway
4766,Barabara Palvin
4767,Berenice Bejo
4768,Berenice Bejo
4769,Annette Bening
4770,Adrien Brody
4771,Bill Daley
4772,Adrien Brody
4773,Berenice Bejo
4774,Adrianne Palicki
4775,Adrianne Palicki
4776,Alessandra Ambrosio
4777,Anjelica Huston
4778,Bette Midler
4779,Anna Sui
4780,Barbra Streisand
4781,Analeigh Tipton
4782,Adriana Barraza
4783,Alx James
4784,Ben Foster
4785,Ali Larter
4786,Alec Baldwin
4787,Alessandra Ambrosio
4788,Adam Sandler
4789,Bill Daley
4790,Aaron Paul
4791,Berenice Bejo
4792,Angelina Jolie
4793,Alan Arkin
4794,Bella Hadid
4795,Bill Rancic
4796,Adriana Barraza
4797,Al Pacino
4798,Albert Brooks
4799,Andrew Luck
4800,Angelina Jolie
4801,Anna Paquin
4802,Andy Serkis
4803,Berenice Bejo
4804,Ashley Graham
4805,Ben Stiller
4806,Alicia Vikander
4807,Anjelica Huston
4808,Audrey Tautou
4809,Audrey Tautou
4810,Ashton Kutcher
4811,Alessandra Ambrosio
4812,Bill Hader
4813,Anne Baxter
4814,Anna Kendrick
4815,Angela Bassett
4816,Beyonce Knowles
4817,Alice Eve
4818,Bill Hader
4819,Anne Hathaway
4820,Al Pacino
4821,Anna Friel
4822,Alice Eve
4823,Arnold Schwarzenegger
4824,Anne Baxter
4825,Ashton Kutcher
4826,Angelina Jolie
4827,Ben Stiller
4828,Bill Paxton
4829,Anna Paquin
4830,Albert Finney
4831,Arnold Schwarzenegger
4832,Audrey Tautou
4833,Anna Paquin
4834,Bill Hader
4835,Ashley Judd
4836,Akemi Darenogare
4837,Armin Mueller-Stahl
4838,Adrien Brody
4839,Audrey Tautou
4840,Bill Pullman
4841,Anne Baxter
4842,Anna Friel
4843,Aaron Paul
4844,Amy Schumer
4845,Aaron Paul
4846,Anna Friel
4847,Angelina Jolie
4848,Aaron Judge
4849,Alex Pettyfer
4850,Adam Sandler
4851,Armin Mueller-Stahl
4852,Ben Kingsley
4853,Andie MacDowell
4854,Anthony Mackie
4855,Angelina Jolie
4856,bella thorne
4857,Al Pacino
4858,Anna Friel
4859,Alexandra Daddario
4860,Bill Daley
4861,Adriana Barraza
4862,Angelina Jolie
4863,Barbra Streisand
4864,Ben Stiller
4865,Ashley Graham
4866,Analeigh Tipton
4867,Angelina Jolie
4868,Beyonce Knowles
4869,Anne Baxter
4870,Adam Sandler
4871,Anne Baxter
4872,Ben Kingsley
4873,Angelina Jolie
4874,Anna Sui
4875,Anne Hathaway
4876,Albert Finney
4877,Art Carney
4878,Anne Baxter
4879,Billy Bob Thornton
4880,Amanda Crew
4881,Bill Paxton
4882,Adele
4883,Anna Paquin
4884,Alec Baldwin
4885,Andrew Lincoln
4886,Bill Paxton
4887,Amanda Crew
4888,Anna Sui
4889,Anne Hathaway
4890,Angelina Jolie
4891,Benedict Cumberbatch
4892,Bella Hadid
4893,Alan Alda
4894,Andy Garcia
4895,Al Roker
4896,Alexandra Daddario
4897,Art Carney
4898,Amanda Crew
4899,Armin Mueller-Stahl
4900,Anna Sui
4901,Ben Kingsley
4902,Barabara Palvin
4903,Anne Baxter
4904,Bill O Reilly
4905,Alan Arkin
4906,Bill Rancic
4907,Amy Ryan
4908,Anna Paquin
4909,Ashley Graham
4910,Amanda Bynes
4911,Andie MacDowell
4912,Benedict Cumberbatch
4913,Berenice Bejo
4914,Andrew Garfield
4915,Armin Mueller-Stahl
4916,Antonio Banderas
4917,Amanda Crew
4918,Anne Baxter
4919,Anne Baxter
4920,Anna Paquin
4921,Bill Murray
4922,Alan Rickman
4923,Armin Mueller-Stahl
4924,Andrew Luck
4925,Ava Gardner
4926,Adam Sandler
4927,Audrey Hepburn
4928,Bill Hader
4929,Anthony Perkins
4930,Anjelica Huston
4931,Analeigh Tipton
4932,Amy Adams
4933,Berenice Bejo
4934,Al Pacino
4935,Bill Pullman
4936,Ben Kingsley
4937,Albert Finney
4938,Anne Hathaway
4939,Betty White
4940,Adrien Brody
4941,Aaron Taylor-Johnson
4942,Art Carney
4943,Anna Friel
4944,Al Pacino
4945,Ashley Judd
4946,Bella Hadid
4947,Berenice Bejo
4948,Al Pacino
4949,Berenice Bejo
4950,Bill Daley
4951,Albert Finney
4952,Amanda Crew
4953,Al Pacino
4954,Alicia Vikander
4955,Art Carney
4956,Bill Rancic
4957,Bill Pullman
4958,Anthony Perkins
4959,Abigail Breslin
4960,Angelina Jolie
4961,Albert Brooks
4962,Andrew Luck
4963,Al Pacino
4964,Aaron Paul
4965,Adam Sandler
4966,Andrew Lincoln
4967,Art Carney
4968,Anna Paquin
4969,Angelina Jolie
4970,Aaron Judge
4971,Bill Hader
4972,Benedict Cumberbatch
4973,Bette Midler
4974,Aaron Judge
4975,Albert Finney
4976,Bill O Reilly
